0,1,2,3,4,5,6,7,8,9,10,11,12,13,14,15,16,17,18,19,20,21,22,23,24,25,26,27,28,29,30,31,32,33,34,35,36,37,38,39,40,41,42,43,44,45,46,47,48,49,50,51,52,53,54,55,56,57,58,59,60,61,62,63,64,65,66,67,68,69,70,71,72,73,74,75,76,77,78,79,80,81,82,83,84,85,86,87,88,89,90,91,92,93,94,95,96,97,98,99,100,101,102,103,104,105,106,107,108,109,110,111,112,113,114,115,116,117,118,119,120,121,122,123,124,125,126,127,128,129,130,131,132,133,134,135,136,137,138,139,140,141,142,143,144,145,146,147,148,149,150,151,152,153,154,155,156,157,158,159,160
26,26,4,26,5,26,26,4,22,38,5,37,26,12,22,37,37,26,13,22,26,12,26,37,4,26,13,4,26,5,26,5,26,4,22,38,5,26,14,26,26,37,4,26,26,14,5,26,0,39,31,24,8,18,20,14,19,19,18,0,0,0,0,0,0,0,0,0,0,0,0,0,0,0,0,0,0,0,0,0,0,0,0,0,0,0,0,0,0,0,0,0,0,0,0,0,0,0,0,0,0,0,0,0,0,0,0,0,0,0,0,0,0,0,0,0,0,0,0,0,0,0,0,0,0,0,0,0,0,0,0,0,0,0,0,0,0,0,0,0,0,0,0,0,0,0,0,0,0,0,0,0,0,0,0,0,0,0,0,0,0
26,26,4,22,26,4,26,2,37,5,26,4,22,38,5,37,26,12,22,26,4,26,22,26,26,4,22,26,12,5,25,69,5,25,69,5,38,0,35,29,36,8,24,12,14,0,0,0,0,0,0,0,0,0,0,0,0,0,0,0,0,0,0,0,0,0,0,0,0,0,0,0,0,0,0,0,0,0,0,0,0,0,0,0,0,0,0,0,0,0,0,0,0,0,0,0,0,0,0,0,0,0,0,0,0,0,0,0,0,0,0,0,0,0,0,0,0,0,0,0,0,0,0,0,0,0,0,0,0,0,0,0,0,0,0,0,0,0,0,0,0,0,0,0,0,0,0,0,0,0,0,0,0,0,0,0,0,0,0,0,0
26,26,37,12,26,26,37,4,26,26,12,5,26,26,13,22,26,4,26,22,26,4,26,22,26,13,5,37,26,4,22,38,5,26,14,22,26,26,4,22,26,4,26,22,26,14,5,26,5,26,22,26,26,15,22,26,37,22,26,16,26,4,22,26,15,38,26,5,26,22,26,37,16,5,26,4,29,5,4,29,5,29,0,31,30,17,8,17,15,8,12,0,0,0,0,0,0,0,0,0,0,0,0,0,0,0,0,0,0,0,0,0,0,0,0,0,0,0,0,0,0,0,0,0,0,0,0,0,0,0,0,0,0,0,0,0,0,0,0,0,0,0,0,0,0,0,0,0,0,0,0,0,0,0,0,0,0,0,0,0,0
26,38,26,12,22,26,4,26,22,26,13,26,4,22,26,12,5,37,22,26,37,13,26,14,22,26,26,4,22,26,4,42,14,5,26,4,22,38,5,37,5,38,26,26,15,22,26,26,22,26,26,22,26,15,26,4,29,5,4,29,5,29,5,38,26,0,30,46,19,15,14,17,19,13,47,0,0,0,0,0,0,0,0,0,0,0,0,0,0,0,0,0,0,0,0,0,0,0,0,0,0,0,0,0,0,0,0,0,0,0,0,0,0,0,0,0,0,0,0,0,0,0,0,0,0,0,0,0,0,0,0,0,0,0,0,0,0,0,0,0,0,0,0,0,0,0,0,0,0,0,0,0,0,0,0,0,0,0,0,0,0
26,38,26,12,22,26,4,26,22,26,4,26,22,37,12,5,26,13,22,26,26,14,22,26,4,26,22,26,37,22,26,14,26,22,26,13,5,26,15,22,26,37,22,37,26,22,26,15,5,37,42,4,22,38,5,4,22,38,5,26,16,22,26,4,26,22,26,4,26,22,26,16,5,29,5,29,0,38,64,61,67,53,63,61,70,61,54,0,0,0,0,0,0,0,0,0,0,0,0,0,0,0,0,0,0,0,0,0,0,0,0,0,0,0,0,0,0,0,0,0,0,0,0,0,0,0,0,0,0,0,0,0,0,0,0,0,0,0,0,0,0,0,0,0,0,0,0,0,0,0,0,0,0,0,0,0,0,0,0,0,0
26,37,4,26,4,22,42,5,26,12,22,26,26,22,26,26,22,26,12,5,37,26,4,22,38,5,26,26,4,22,38,5,37,37,4,26,5,26,4,22,42,5,26,13,22,26,26,22,26,26,22,26,13,0,28,63,57,70,55,63,66,64,66,63,0,0,0,0,0,0,0,0,0,0,0,0,0,0,0,0,0,0,0,0,0,0,0,0,0,0,0,0,0,0,0,0,0,0,0,0,0,0,0,0,0,0,0,0,0,0,0,0,0,0,0,0,0,0,0,0,0,0,0,0,0,0,0,0,0,0,0,0,0,0,0,0,0,0,0,0,0,0,0,0,0,0,0,0,0,0,0,0,0,0,0,0,0,0,0,0,0
26,26,12,38,26,26,13,26,4,38,12,5,26,4,26,4,26,4,38,13,5,38,26,14,26,15,26,38,26,4,22,38,5,26,15,26,4,26,16,22,26,26,17,22,26,4,26,22,26,14,16,5,38,26,38,17,5,26,18,22,26,26,4,22,26,4,26,4,22,26,18,5,38,26,5,38,5,38,26,5,38,5,38,0,28,71,66,67,66,70,61,56,57,0,0,0,0,0,0,0,0,0,0,0,0,0,0,0,0,0,0,0,0,0,0,0,0,0,0,0,0,0,0,0,0,0,0,0,0,0,0,0,0,0,0,0,0,0,0,0,0,0,0,0,0,0,0,0,0,0,0,0,0,0,0,0,0,0,0,0,0
26,26,12,4,26,26,26,4,22,26,4,26,12,5,26,37,13,26,26,37,4,26,26,13,5,26,14,22,26,26,22,26,4,26,22,26,14,5,26,4,22,38,5,37,42,4,22,38,5,4,22,38,5,26,15,22,26,26,4,22,26,4,26,22,26,15,5,37,26,4,26,26,37,16,26,26,38,26,26,16,5,26,42,26,17,22,26,26,22,26,26,22,26,17,5,42,4,22,38,5,4,22,38,5,26,4,29,5,4,29,5,29,5,26,18,22,26,26,22,26,4,26,22,26,18,5,26,63,5,26,0,37,53,73,61,71,66,55,63,53,74,0,0,0,0,0,0,0,0,0,0,0,0,0,0,0,0,0,0,0,0
26,26,26,12,22,26,37,22,26,37,22,26,12,37,13,26,26,37,4,26,26,13,5,26,26,14,22,37,26,15,22,26,4,37,14,5,26,22,26,4,26,22,26,15,5,26,4,29,5,4,29,5,29,0,39,29,8,15,18,11,19,17,18,12,0,0,0,0,0,0,0,0,0,0,0,0,0,0,0,0,0,0,0,0,0,0,0,0,0,0,0,0,0,0,0,0,0,0,0,0,0,0,0,0,0,0,0,0,0,0,0,0,0,0,0,0,0,0,0,0,0,0,0,0,0,0,0,0,0,0,0,0,0,0,0,0,0,0,0,0,0,0,0,0,0,0,0,0,0,0,0,0,0,0,0,0,0,0,0,0,0
26,12,22,26,26,4,22,26,26,4,22,26,12,5,26,4,22,38,5,37,5,26,13,22,26,26,4,22,37,26,22,37,13,5,37,26,14,22,26,26,22,26,4,26,22,26,14,5,38,26,4,29,5,4,29,5,29,0,30,37,29,8,13,0,0,0,0,0,0,0,0,0,0,0,0,0,0,0,0,0,0,0,0,0,0,0,0,0,0,0,0,0,0,0,0,0,0,0,0,0,0,0,0,0,0,0,0,0,0,0,0,0,0,0,0,0,0,0,0,0,0,0,0,0,0,0,0,0,0,0,0,0,0,0,0,0,0,0,0,0,0,0,0,0,0,0,0,0,0,0,0,0,0,0,0,0,0,0,0,0,0
26,37,26,26,12,22,26,26,22,26,4,26,22,26,12,5,26,13,22,26,14,26,26,37,26,4,22,38,5,26,15,22,26,26,4,22,26,26,4,22,26,14,15,5,37,13,5,29,0,41,72,55,53,67,53,69,61,54,0,0,0,0,0,0,0,0,0,0,0,0,0,0,0,0,0,0,0,0,0,0,0,0,0,0,0,0,0,0,0,0,0,0,0,0,0,0,0,0,0,0,0,0,0,0,0,0,0,0,0,0,0,0,0,0,0,0,0,0,0,0,0,0,0,0,0,0,0,0,0,0,0,0,0,0,0,0,0,0,0,0,0,0,0,0,0,0,0,0,0,0,0,0,0,0,0,0,0,0,0,0,0
26,26,12,26,26,13,26,4,26,4,26,14,4,38,13,5,26,26,26,15,26,16,26,26,22,26,17,26,26,4,26,26,26,17,4,26,16,26,26,15,22,26,14,26,5,26,5,38,5,26,5,37,26,12,0,26,75,55,63,66,67,53,64,61,65,57,0,0,0,0,0,0,0,0,0,0,0,0,0,0,0,0,0,0,0,0,0,0,0,0,0,0,0,0,0,0,0,0,0,0,0,0,0,0,0,0,0,0,0,0,0,0,0,0,0,0,0,0,0,0,0,0,0,0,0,0,0,0,0,0,0,0,0,0,0,0,0,0,0,0,0,0,0,0,0,0,0,0,0,0,0,0,0,0,0,0,0,0,0,0,0
26,38,26,12,22,26,4,26,22,26,13,26,4,22,26,12,5,37,22,26,37,22,26,13,37,26,14,22,26,26,4,22,26,4,26,22,26,14,5,29,5,26,63,5,38,26,26,26,37,15,26,26,38,26,26,15,0,30,57,58,61,71,61,65,61,54,0,0,0,0,0,0,0,0,0,0,0,0,0,0,0,0,0,0,0,0,0,0,0,0,0,0,0,0,0,0,0,0,0,0,0,0,0,0,0,0,0,0,0,0,0,0,0,0,0,0,0,0,0,0,0,0,0,0,0,0,0,0,0,0,0,0,0,0,0,0,0,0,0,0,0,0,0,0,0,0,0,0,0,0,0,0,0,0,0,0,0,0,0,0,0
26,26,4,26,5,4,26,2,37,5,26,12,22,26,26,22,26,4,26,22,26,12,5,37,13,26,14,22,26,15,26,22,26,4,26,22,26,26,15,22,37,26,22,26,14,37,4,26,13,22,38,5,26,5,26,16,22,26,26,17,22,26,26,22,26,26,22,26,17,37,22,26,16,0,27,53,55,71,66,63,61,70,61,54,0,0,0,0,0,0,0,0,0,0,0,0,0,0,0,0,0,0,0,0,0,0,0,0,0,0,0,0,0,0,0,0,0,0,0,0,0,0,0,0,0,0,0,0,0,0,0,0,0,0,0,0,0,0,0,0,0,0,0,0,0,0,0,0,0,0,0,0,0,0,0,0,0,0,0,0,0
26,26,12,22,26,4,26,22,26,4,26,22,26,12,5,37,13,26,4,22,38,5,26,22,26,26,14,22,26,37,22,26,15,26,22,26,26,4,22,26,26,15,22,26,14,13,5,26,16,22,26,37,37,22,26,16,5,37,26,4,22,38,5,26,22,26,0,40,35,8,47,8,12,14,19,0,0,0,0,0,0,0,0,0,0,0,0,0,0,0,0,0,0,0,0,0,0,0,0,0,0,0,0,0,0,0,0,0,0,0,0,0,0,0,0,0,0,0,0,0,0,0,0,0,0,0,0,0,0,0,0,0,0,0,0,0,0,0,0,0,0,0,0,0,0,0,0,0,0,0,0,0,0,0,0,0,0,0,0,0,0
26,12,22,26,26,22,26,4,26,22,26,12,5,26,22,26,26,4,22,38,5,37,26,4,26,4,26,63,5,4,26,63,5,26,63,5,37,26,4,22,42,5,37,26,13,22,26,26,22,26,26,14,22,26,13,37,22,26,26,22,26,14,0,42,53,63,72,54,69,61,65,53,63,0,0,0,0,0,0,0,0,0,0,0,0,0,0,0,0,0,0,0,0,0,0,0,0,0,0,0,0,0,0,0,0,0,0,0,0,0,0,0,0,0,0,0,0,0,0,0,0,0,0,0,0,0,0,0,0,0,0,0,0,0,0,0,0,0,0,0,0,0,0,0,0,0,0,0,0,0,0,0,0,0,0,0,0,0,0,0,0
26,37,12,26,22,26,4,26,13,22,26,26,22,26,26,22,26,13,12,5,26,14,22,26,4,26,4,22,38,5,37,26,14,22,38,5,26,15,22,26,4,26,22,26,4,26,22,26,15,5,26,63,5,26,63,0,42,25,13,12,17,18,17,14,0,0,0,0,0,0,0,0,0,0,0,0,0,0,0,0,0,0,0,0,0,0,0,0,0,0,0,0,0,0,0,0,0,0,0,0,0,0,0,0,0,0,0,0,0,0,0,0,0,0,0,0,0,0,0,0,0,0,0,0,0,0,0,0,0,0,0,0,0,0,0,0,0,0,0,0,0,0,0,0,0,0,0,0,0,0,0,0,0,0,0,0,0,0,0,0,0
26,38,26,12,22,26,4,26,22,26,13,26,4,22,26,12,5,37,22,26,37,22,26,13,37,26,14,22,26,26,22,26,26,4,22,26,14,5,26,2,26,5,38,26,26,26,26,26,26,26,4,22,38,5,37,38,0,26,44,27,26,8,12,11,12,0,0,0,0,0,0,0,0,0,0,0,0,0,0,0,0,0,0,0,0,0,0,0,0,0,0,0,0,0,0,0,0,0,0,0,0,0,0,0,0,0,0,0,0,0,0,0,0,0,0,0,0,0,0,0,0,0,0,0,0,0,0,0,0,0,0,0,0,0,0,0,0,0,0,0,0,0,0,0,0,0,0,0,0,0,0,0,0,0,0,0,0,0,0,0,0
26,26,12,26,26,26,13,26,26,4,26,4,22,26,26,22,26,26,22,26,26,4,26,26,4,26,4,22,38,5,26,4,26,4,26,4,22,26,26,4,26,4,22,38,5,26,26,4,38,26,4,22,38,5,26,14,26,26,26,26,37,14,26,4,22,38,5,26,4,22,38,5,26,12,4,38,13,5,38,5,26,4,26,5,26,26,15,26,26,26,4,26,4,26,15,5,38,26,5,38,5,26,5,26,5,38,5,38,26,5,26,5,26,5,26,5,38,26,0,41,53,67,53,64,75,55,61,65,0,0,0,0,0,0,0,0,0,0,0,0,0,0,0,0,0,0,0,0,0,0,0,0,0,0,0,0,0,0,0,0,0
26,26,4,26,5,37,12,26,22,37,26,13,22,26,12,37,22,26,4,37,22,26,13,37,26,14,22,26,26,4,22,26,26,22,26,14,5,37,26,4,22,38,5,26,22,26,5,37,26,15,26,26,26,4,26,26,15,5,37,4,26,5,26,0,46,49,14,12,11,16,0,0,0,0,0,0,0,0,0,0,0,0,0,0,0,0,0,0,0,0,0,0,0,0,0,0,0,0,0,0,0,0,0,0,0,0,0,0,0,0,0,0,0,0,0,0,0,0,0,0,0,0,0,0,0,0,0,0,0,0,0,0,0,0,0,0,0,0,0,0,0,0,0,0,0,0,0,0,0,0,0,0,0,0,0,0,0,0,0,0,0
26,26,4,26,5,37,12,26,26,26,4,26,26,12,5,37,26,13,22,37,26,4,22,37,26,14,22,26,26,4,22,26,4,26,22,26,14,13,5,38,26,5,38,26,26,26,37,15,26,26,26,26,15,5,26,16,26,26,26,26,26,16,0,44,37,26,11,17,14,19,0,0,0,0,0,0,0,0,0,0,0,0,0,0,0,0,0,0,0,0,0,0,0,0,0,0,0,0,0,0,0,0,0,0,0,0,0,0,0,0,0,0,0,0,0,0,0,0,0,0,0,0,0,0,0,0,0,0,0,0,0,0,0,0,0,0,0,0,0,0,0,0,0,0,0,0,0,0,0,0,0,0,0,0,0,0,0,0,0,0,0
26,26,12,22,26,4,26,22,26,26,4,22,26,12,5,50,37,6,52,4,22,38,5,50,38,8,52,5,37,42,4,22,38,5,4,22,38,5,26,13,22,26,4,26,22,26,26,4,22,26,13,5,26,63,5,26,63,0,29,31,16,14,16,0,0,0,0,0,0,0,0,0,0,0,0,0,0,0,0,0,0,0,0,0,0,0,0,0,0,0,0,0,0,0,0,0,0,0,0,0,0,0,0,0,0,0,0,0,0,0,0,0,0,0,0,0,0,0,0,0,0,0,0,0,0,0,0,0,0,0,0,0,0,0,0,0,0,0,0,0,0,0,0,0,0,0,0,0,0,0,0,0,0,0,0,0,0,0,0,0,0
26,26,38,26,12,22,26,4,26,22,26,26,4,22,26,12,5,37,13,26,26,26,4,26,26,13,5,38,5,37,26,14,22,37,26,22,26,15,26,4,22,37,14,5,37,4,26,16,22,26,26,22,26,26,22,26,16,26,4,22,38,5,37,15,26,5,26,0,47,36,27,19,8,20,13,0,0,0,0,0,0,0,0,0,0,0,0,0,0,0,0,0,0,0,0,0,0,0,0,0,0,0,0,0,0,0,0,0,0,0,0,0,0,0,0,0,0,0,0,0,0,0,0,0,0,0,0,0,0,0,0,0,0,0,0,0,0,0,0,0,0,0,0,0,0,0,0,0,0,0,0,0,0,0,0,0,0,0,0,0,0
26,26,12,22,26,4,26,22,26,4,26,22,26,12,5,37,26,4,22,38,5,26,13,22,26,26,22,26,4,26,22,26,13,5,26,37,14,26,26,37,4,26,26,14,5,26,5,37,26,15,22,37,26,22,26,26,4,22,37,15,5,26,16,22,26,37,22,26,26,22,26,16,0,32,64,53,71,61,65,61,54,0,0,0,0,0,0,0,0,0,0,0,0,0,0,0,0,0,0,0,0,0,0,0,0,0,0,0,0,0,0,0,0,0,0,0,0,0,0,0,0,0,0,0,0,0,0,0,0,0,0,0,0,0,0,0,0,0,0,0,0,0,0,0,0,0,0,0,0,0,0,0,0,0,0,0,0,0,0,0,0
26,38,26,12,22,26,26,22,26,26,13,22,26,26,4,22,26,14,26,15,22,26,4,37,22,26,37,37,15,26,4,22,37,14,5,26,16,26,26,26,4,26,26,16,5,26,4,22,38,5,38,5,37,5,37,22,26,13,12,0,38,42,32,8,11,13,18,0,0,0,0,0,0,0,0,0,0,0,0,0,0,0,0,0,0,0,0,0,0,0,0,0,0,0,0,0,0,0,0,0,0,0,0,0,0,0,0,0,0,0,0,0,0,0,0,0,0,0,0,0,0,0,0,0,0,0,0,0,0,0,0,0,0,0,0,0,0,0,0,0,0,0,0,0,0,0,0,0,0,0,0,0,0,0,0,0,0,0,0,0,0
26,38,26,12,22,26,26,13,22,26,4,26,22,26,37,22,26,13,26,22,26,12,38,26,5,38,26,14,22,26,26,22,26,4,26,22,26,14,5,37,26,4,22,38,5,26,15,4,26,26,15,5,26,4,22,38,5,37,26,16,22,26,26,22,26,4,26,22,26,16,5,29,0,26,53,54,66,76,53,65,71,61,65,61,54,0,0,0,0,0,0,0,0,0,0,0,0,0,0,0,0,0,0,0,0,0,0,0,0,0,0,0,0,0,0,0,0,0,0,0,0,0,0,0,0,0,0,0,0,0,0,0,0,0,0,0,0,0,0,0,0,0,0,0,0,0,0,0,0,0,0,0,0,0,0,0,0,0,0,0,0
26,12,22,26,26,22,26,4,26,4,22,26,12,5,37,5,37,26,4,22,38,5,26,13,22,26,26,22,26,4,26,22,26,13,5,26,37,26,4,22,38,5,38,26,26,14,22,26,37,22,26,26,22,26,14,0,28,65,71,61,65,66,70,71,53,71,0,0,0,0,0,0,0,0,0,0,0,0,0,0,0,0,0,0,0,0,0,0,0,0,0,0,0,0,0,0,0,0,0,0,0,0,0,0,0,0,0,0,0,0,0,0,0,0,0,0,0,0,0,0,0,0,0,0,0,0,0,0,0,0,0,0,0,0,0,0,0,0,0,0,0,0,0,0,0,0,0,0,0,0,0,0,0,0,0,0,0,0,0,0,0
26,26,4,26,5,4,26,5,38,26,4,22,38,5,37,26,12,22,26,26,22,26,4,26,22,26,12,5,26,13,22,26,26,4,22,37,38,13,5,26,4,22,38,5,37,26,26,26,26,26,26,26,4,22,38,5,37,38,0,26,24,48,12,11,17,11,14,0,0,0,0,0,0,0,0,0,0,0,0,0,0,0,0,0,0,0,0,0,0,0,0,0,0,0,0,0,0,0,0,0,0,0,0,0,0,0,0,0,0,0,0,0,0,0,0,0,0,0,0,0,0,0,0,0,0,0,0,0,0,0,0,0,0,0,0,0,0,0,0,0,0,0,0,0,0,0,0,0,0,0,0,0,0,0,0,0,0,0,0,0,0
26,26,4,26,5,4,26,5,26,12,22,37,26,4,22,26,4,42,12,5,26,13,22,37,26,4,22,37,26,22,26,13,5,37,5,26,14,22,26,4,26,4,22,26,26,22,26,14,5,37,42,4,22,38,5,4,22,38,5,26,15,22,26,4,26,22,26,26,22,26,15,29,5,29,5,29,0,27,53,54,69,53,58,57,65,61,54,0,0,0,0,0,0,0,0,0,0,0,0,0,0,0,0,0,0,0,0,0,0,0,0,0,0,0,0,0,0,0,0,0,0,0,0,0,0,0,0,0,0,0,0,0,0,0,0,0,0,0,0,0,0,0,0,0,0,0,0,0,0,0,0,0,0,0,0,0,0,0,0,0,0
26,12,22,26,26,22,26,13,26,4,22,26,12,5,26,4,22,26,37,13,5,26,26,37,26,14,22,26,26,22,26,4,26,22,26,14,5,37,26,15,22,26,26,22,37,26,22,26,15,0,42,57,69,56,57,64,57,71,53,65,0,0,0,0,0,0,0,0,0,0,0,0,0,0,0,0,0,0,0,0,0,0,0,0,0,0,0,0,0,0,0,0,0,0,0,0,0,0,0,0,0,0,0,0,0,0,0,0,0,0,0,0,0,0,0,0,0,0,0,0,0,0,0,0,0,0,0,0,0,0,0,0,0,0,0,0,0,0,0,0,0,0,0,0,0,0,0,0,0,0,0,0,0,0,0,0,0,0,0,0,0
26,37,12,26,22,37,26,13,22,26,12,26,22,26,4,26,4,22,26,13,29,5,37,26,14,22,26,4,26,22,26,4,26,22,26,14,5,25,69,5,26,63,5,26,4,22,38,5,37,38,26,26,38,0,42,57,63,72,64,57,71,61,65,61,54,0,0,0,0,0,0,0,0,0,0,0,0,0,0,0,0,0,0,0,0,0,0,0,0,0,0,0,0,0,0,0,0,0,0,0,0,0,0,0,0,0,0,0,0,0,0,0,0,0,0,0,0,0,0,0,0,0,0,0,0,0,0,0,0,0,0,0,0,0,0,0,0,0,0,0,0,0,0,0,0,0,0,0,0,0,0,0,0,0,0,0,0,0,0,0,0
26,12,22,26,26,13,22,26,4,26,22,26,26,4,22,26,13,5,26,22,26,14,26,4,22,38,5,37,22,26,4,42,14,5,37,26,26,15,22,26,26,22,26,42,15,5,37,22,26,12,0,41,38,8,14,14,11,17,0,0,0,0,0,0,0,0,0,0,0,0,0,0,0,0,0,0,0,0,0,0,0,0,0,0,0,0,0,0,0,0,0,0,0,0,0,0,0,0,0,0,0,0,0,0,0,0,0,0,0,0,0,0,0,0,0,0,0,0,0,0,0,0,0,0,0,0,0,0,0,0,0,0,0,0,0,0,0,0,0,0,0,0,0,0,0,0,0,0,0,0,0,0,0,0,0,0,0,0,0,0,0
26,12,26,26,37,4,26,12,5,26,13,26,26,37,4,26,26,13,5,26,4,22,38,5,26,14,22,26,26,4,22,26,4,26,22,26,14,5,26,4,22,38,5,37,15,26,26,26,4,26,26,15,5,37,16,26,26,26,26,16,5,37,26,17,22,26,26,22,26,26,22,26,17,0,44,37,26,12,13,12,16,0,0,0,0,0,0,0,0,0,0,0,0,0,0,0,0,0,0,0,0,0,0,0,0,0,0,0,0,0,0,0,0,0,0,0,0,0,0,0,0,0,0,0,0,0,0,0,0,0,0,0,0,0,0,0,0,0,0,0,0,0,0,0,0,0,0,0,0,0,0,0,0,0,0,0,0,0,0,0,0
26,42,4,22,38,5,4,22,38,5,37,12,26,26,37,4,26,26,12,5,26,26,13,22,26,26,14,22,26,4,42,13,5,26,4,22,37,26,4,22,37,14,5,26,15,22,26,16,26,22,37,37,26,16,22,26,26,22,26,15,5,37,17,26,26,38,26,26,17,0,39,61,55,71,61,63,61,70,61,54,0,0,0,0,0,0,0,0,0,0,0,0,0,0,0,0,0,0,0,0,0,0,0,0,0,0,0,0,0,0,0,0,0,0,0,0,0,0,0,0,0,0,0,0,0,0,0,0,0,0,0,0,0,0,0,0,0,0,0,0,0,0,0,0,0,0,0,0,0,0,0,0,0,0,0,0,0,0,0,0,0
26,26,12,4,26,26,26,37,12,5,26,13,22,37,26,14,22,26,4,26,22,26,26,22,26,14,37,13,5,26,4,22,38,5,37,0,45,57,63,61,67,53,69,61,54,0,0,0,0,0,0,0,0,0,0,0,0,0,0,0,0,0,0,0,0,0,0,0,0,0,0,0,0,0,0,0,0,0,0,0,0,0,0,0,0,0,0,0,0,0,0,0,0,0,0,0,0,0,0,0,0,0,0,0,0,0,0,0,0,0,0,0,0,0,0,0,0,0,0,0,0,0,0,0,0,0,0,0,0,0,0,0,0,0,0,0,0,0,0,0,0,0,0,0,0,0,0,0,0,0,0,0,0,0,0,0,0,0,0,0,0
26,12,22,26,26,22,26,4,26,22,26,12,5,37,26,4,22,38,5,26,26,26,26,26,26,26,4,22,38,5,37,38,0,45,66,69,61,65,66,70,71,53,71,0,0,0,0,0,0,0,0,0,0,0,0,0,0,0,0,0,0,0,0,0,0,0,0,0,0,0,0,0,0,0,0,0,0,0,0,0,0,0,0,0,0,0,0,0,0,0,0,0,0,0,0,0,0,0,0,0,0,0,0,0,0,0,0,0,0,0,0,0,0,0,0,0,0,0,0,0,0,0,0,0,0,0,0,0,0,0,0,0,0,0,0,0,0,0,0,0,0,0,0,0,0,0,0,0,0,0,0,0,0,0,0,0,0,0,0,0,0
26,37,4,26,5,26,26,38,26,12,22,26,26,22,26,4,26,22,26,12,5,26,13,22,37,26,4,22,26,14,26,22,26,26,15,22,26,4,26,26,26,15,22,26,14,5,37,22,38,5,26,4,22,26,16,26,22,26,37,26,22,26,16,5,37,13,0,42,25,16,20,11,19,19,16,0,0,0,0,0,0,0,0,0,0,0,0,0,0,0,0,0,0,0,0,0,0,0,0,0,0,0,0,0,0,0,0,0,0,0,0,0,0,0,0,0,0,0,0,0,0,0,0,0,0,0,0,0,0,0,0,0,0,0,0,0,0,0,0,0,0,0,0,0,0,0,0,0,0,0,0,0,0,0,0,0,0,0,0,0,0
26,26,4,26,5,37,4,26,26,26,37,26,4,22,38,5,37,26,12,22,26,26,22,26,4,26,22,26,12,5,26,4,26,5,4,26,5,26,5,26,26,13,26,4,26,4,26,4,38,13,5,37,14,26,22,26,4,26,15,22,26,14,37,22,26,37,22,26,15,37,5,25,69,5,38,5,38,0,42,30,26,11,20,15,17,0,0,0,0,0,0,0,0,0,0,0,0,0,0,0,0,0,0,0,0,0,0,0,0,0,0,0,0,0,0,0,0,0,0,0,0,0,0,0,0,0,0,0,0,0,0,0,0,0,0,0,0,0,0,0,0,0,0,0,0,0,0,0,0,0,0,0,0,0,0,0,0,0,0,0,0
26,26,26,12,26,4,22,38,5,37,4,26,13,22,26,37,22,26,4,37,22,26,13,37,12,26,14,26,26,26,26,14,5,37,26,15,22,26,4,26,22,26,4,26,22,26,15,5,26,4,22,38,5,37,26,16,26,26,37,4,26,26,16,5,26,5,38,26,5,26,0,25,32,8,13,16,14,17,0,0,0,0,0,0,0,0,0,0,0,0,0,0,0,0,0,0,0,0,0,0,0,0,0,0,0,0,0,0,0,0,0,0,0,0,0,0,0,0,0,0,0,0,0,0,0,0,0,0,0,0,0,0,0,0,0,0,0,0,0,0,0,0,0,0,0,0,0,0,0,0,0,0,0,0,0,0,0,0,0,0,0
26,12,26,26,26,4,22,37,37,26,13,22,26,4,26,22,26,4,26,22,26,13,5,50,37,6,52,4,22,38,5,50,38,8,52,5,50,37,6,52,4,22,38,5,50,38,8,52,5,26,4,26,12,5,26,26,26,2,37,0,33,46,8,18,8,13,15,8,12,0,0,0,0,0,0,0,0,0,0,0,0,0,0,0,0,0,0,0,0,0,0,0,0,0,0,0,0,0,0,0,0,0,0,0,0,0,0,0,0,0,0,0,0,0,0,0,0,0,0,0,0,0,0,0,0,0,0,0,0,0,0,0,0,0,0,0,0,0,0,0,0,0,0,0,0,0,0,0,0,0,0,0,0,0,0,0,0,0,0,0,0
26,26,12,26,4,26,4,26,4,26,4,38,12,5,38,26,13,22,26,4,38,26,14,22,26,26,4,22,26,26,4,22,26,14,26,13,22,38,5,38,5,38,5,26,15,22,26,26,22,26,4,26,22,26,15,5,38,5,38,5,38,26,4,22,38,5,26,5,38,26,4,22,38,5,26,0,42,35,11,12,11,12,0,0,0,0,0,0,0,0,0,0,0,0,0,0,0,0,0,0,0,0,0,0,0,0,0,0,0,0,0,0,0,0,0,0,0,0,0,0,0,0,0,0,0,0,0,0,0,0,0,0,0,0,0,0,0,0,0,0,0,0,0,0,0,0,0,0,0,0,0,0,0,0,0,0,0,0,0,0,0
26,38,26,12,22,26,4,26,22,26,13,26,4,22,26,12,5,37,22,26,37,13,26,14,22,26,26,4,22,26,4,42,14,5,26,2,37,5,38,26,26,15,22,26,26,22,26,26,22,26,15,42,4,22,38,5,4,22,38,5,26,5,38,26,0,30,42,34,14,12,20,14,15,18,24,0,0,0,0,0,0,0,0,0,0,0,0,0,0,0,0,0,0,0,0,0,0,0,0,0,0,0,0,0,0,0,0,0,0,0,0,0,0,0,0,0,0,0,0,0,0,0,0,0,0,0,0,0,0,0,0,0,0,0,0,0,0,0,0,0,0,0,0,0,0,0,0,0,0,0,0,0,0,0,0,0,0,0,0,0,0
26,26,26,4,26,38,5,37,26,12,22,37,26,13,22,26,4,26,4,22,37,12,5,37,26,26,14,22,26,26,22,26,26,22,26,14,5,37,22,26,37,13,26,4,26,5,26,0,42,57,63,61,55,61,55,63,61,54,0,0,0,0,0,0,0,0,0,0,0,0,0,0,0,0,0,0,0,0,0,0,0,0,0,0,0,0,0,0,0,0,0,0,0,0,0,0,0,0,0,0,0,0,0,0,0,0,0,0,0,0,0,0,0,0,0,0,0,0,0,0,0,0,0,0,0,0,0,0,0,0,0,0,0,0,0,0,0,0,0,0,0,0,0,0,0,0,0,0,0,0,0,0,0,0,0,0,0,0,0,0,0
26,12,22,37,26,4,22,26,4,37,12,26,13,26,4,26,4,26,4,38,13,5,26,38,39,4,22,38,5,4,38,5,38,5,38,5,38,5,37,5,26,4,22,38,5,37,0,24,32,26,24,1,41,61,54,66,65,72,55,63,57,66,71,61,56,57,0,0,0,0,0,0,0,0,0,0,0,0,0,0,0,0,0,0,0,0,0,0,0,0,0,0,0,0,0,0,0,0,0,0,0,0,0,0,0,0,0,0,0,0,0,0,0,0,0,0,0,0,0,0,0,0,0,0,0,0,0,0,0,0,0,0,0,0,0,0,0,0,0,0,0,0,0,0,0,0,0,0,0,0,0,0,0,0,0,0,0,0,0,0,0
26,12,22,26,26,22,26,4,26,22,26,12,5,42,4,22,38,5,4,22,38,5,37,4,26,26,4,29,5,4,29,5,29,5,26,13,22,26,26,22,26,4,26,22,26,13,5,26,4,26,4,29,5,4,29,5,29,5,4,26,4,29,5,4,29,5,29,5,38,0,43,11,20,11,12,14,12,18,0,0,0,0,0,0,0,0,0,0,0,0,0,0,0,0,0,0,0,0,0,0,0,0,0,0,0,0,0,0,0,0,0,0,0,0,0,0,0,0,0,0,0,0,0,0,0,0,0,0,0,0,0,0,0,0,0,0,0,0,0,0,0,0,0,0,0,0,0,0,0,0,0,0,0,0,0,0,0,0,0,0,0
26,26,12,26,38,26,26,37,12,26,13,22,37,26,4,22,37,26,14,22,26,13,26,22,26,26,4,22,37,14,5,26,15,22,26,26,4,22,26,4,26,22,26,15,5,38,26,5,26,38,5,37,16,26,26,38,26,26,16,26,0,24,49,27,19,11,16,16,0,0,0,0,0,0,0,0,0,0,0,0,0,0,0,0,0,0,0,0,0,0,0,0,0,0,0,0,0,0,0,0,0,0,0,0,0,0,0,0,0,0,0,0,0,0,0,0,0,0,0,0,0,0,0,0,0,0,0,0,0,0,0,0,0,0,0,0,0,0,0,0,0,0,0,0,0,0,0,0,0,0,0,0,0,0,0,0,0,0,0,0,0
26,37,12,26,22,26,4,26,13,22,26,26,22,26,26,22,26,13,12,5,26,22,26,14,26,15,22,26,4,26,22,26,26,22,37,15,5,37,26,14,22,38,0,30,46,15,15,12,18,16,17,0,0,0,0,0,0,0,0,0,0,0,0,0,0,0,0,0,0,0,0,0,0,0,0,0,0,0,0,0,0,0,0,0,0,0,0,0,0,0,0,0,0,0,0,0,0,0,0,0,0,0,0,0,0,0,0,0,0,0,0,0,0,0,0,0,0,0,0,0,0,0,0,0,0,0,0,0,0,0,0,0,0,0,0,0,0,0,0,0,0,0,0,0,0,0,0,0,0,0,0,0,0,0,0,0,0,0,0,0,0
26,26,12,22,26,4,42,26,13,22,26,12,26,4,22,37,26,4,26,14,22,37,37,22,26,4,37,14,13,5,26,5,26,26,4,22,38,5,38,26,4,26,5,4,26,5,26,5,26,15,22,26,26,22,26,4,26,22,26,15,5,26,63,5,26,0,33,40,12,0,0,0,0,0,0,0,0,0,0,0,0,0,0,0,0,0,0,0,0,0,0,0,0,0,0,0,0,0,0,0,0,0,0,0,0,0,0,0,0,0,0,0,0,0,0,0,0,0,0,0,0,0,0,0,0,0,0,0,0,0,0,0,0,0,0,0,0,0,0,0,0,0,0,0,0,0,0,0,0,0,0,0,0,0,0,0,0,0,0,0,0
26,12,26,26,26,4,26,12,5,26,13,22,26,4,26,22,26,26,4,22,26,13,5,26,14,22,26,37,26,15,22,37,26,22,26,4,26,22,26,14,15,5,26,16,22,26,26,22,26,26,22,26,16,5,26,4,22,38,5,38,0,30,42,34,17,16,11,14,20,15,0,0,0,0,0,0,0,0,0,0,0,0,0,0,0,0,0,0,0,0,0,0,0,0,0,0,0,0,0,0,0,0,0,0,0,0,0,0,0,0,0,0,0,0,0,0,0,0,0,0,0,0,0,0,0,0,0,0,0,0,0,0,0,0,0,0,0,0,0,0,0,0,0,0,0,0,0,0,0,0,0,0,0,0,0,0,0,0,0,0,0
26,38,26,12,22,26,4,26,22,26,13,26,4,22,26,12,5,26,4,22,37,26,22,37,13,5,37,14,26,4,22,37,26,4,22,37,14,5,26,15,22,26,26,22,26,26,22,37,15,5,37,5,38,26,0,26,39,15,17,17,18,13,13,0,0,0,0,0,0,0,0,0,0,0,0,0,0,0,0,0,0,0,0,0,0,0,0,0,0,0,0,0,0,0,0,0,0,0,0,0,0,0,0,0,0,0,0,0,0,0,0,0,0,0,0,0,0,0,0,0,0,0,0,0,0,0,0,0,0,0,0,0,0,0,0,0,0,0,0,0,0,0,0,0,0,0,0,0,0,0,0,0,0,0,0,0,0,0,0,0,0
26,38,26,12,22,26,4,26,22,26,4,26,22,26,12,5,26,13,22,26,26,14,22,37,26,22,26,37,14,26,4,22,37,13,5,37,26,15,22,26,4,26,22,26,26,22,37,15,5,26,4,22,38,5,37,5,38,26,9,26,63,9,26,63,0,25,24,48,8,17,12,8,14,17,11,17,0,0,0,0,0,0,0,0,0,0,0,0,0,0,0,0,0,0,0,0,0,0,0,0,0,0,0,0,0,0,0,0,0,0,0,0,0,0,0,0,0,0,0,0,0,0,0,0,0,0,0,0,0,0,0,0,0,0,0,0,0,0,0,0,0,0,0,0,0,0,0,0,0,0,0,0,0,0,0,0,0,0,0,0,0
26,12,22,26,26,22,26,13,26,4,22,26,12,5,37,22,26,4,42,13,5,26,4,26,2,37,5,26,14,22,37,26,4,22,37,26,22,26,14,5,37,26,26,26,15,22,26,37,22,26,26,22,26,15,0,24,42,17,11,12,13,15,16,0,0,0,0,0,0,0,0,0,0,0,0,0,0,0,0,0,0,0,0,0,0,0,0,0,0,0,0,0,0,0,0,0,0,0,0,0,0,0,0,0,0,0,0,0,0,0,0,0,0,0,0,0,0,0,0,0,0,0,0,0,0,0,0,0,0,0,0,0,0,0,0,0,0,0,0,0,0,0,0,0,0,0,0,0,0,0,0,0,0,0,0,0,0,0,0,0,0
26,12,26,38,26,26,37,12,26,13,22,26,26,4,22,38,5,26,22,26,4,38,13,5,26,14,22,26,15,26,4,22,26,26,22,26,14,5,42,26,16,22,26,26,22,26,26,22,26,16,42,15,0,34,44,8,16,16,20,14,14,0,0,0,0,0,0,0,0,0,0,0,0,0,0,0,0,0,0,0,0,0,0,0,0,0,0,0,0,0,0,0,0,0,0,0,0,0,0,0,0,0,0,0,0,0,0,0,0,0,0,0,0,0,0,0,0,0,0,0,0,0,0,0,0,0,0,0,0,0,0,0,0,0,0,0,0,0,0,0,0,0,0,0,0,0,0,0,0,0,0,0,0,0,0,0,0,0,0,0,0
26,22,26,26,26,12,22,26,26,22,26,26,4,22,26,37,37,26,4,22,38,5,26,37,13,26,26,37,4,26,26,13,5,26,26,14,22,26,26,22,26,26,22,26,14,5,26,12,22,38,0,39,24,26,8,12,0,0,0,0,0,0,0,0,0,0,0,0,0,0,0,0,0,0,0,0,0,0,0,0,0,0,0,0,0,0,0,0,0,0,0,0,0,0,0,0,0,0,0,0,0,0,0,0,0,0,0,0,0,0,0,0,0,0,0,0,0,0,0,0,0,0,0,0,0,0,0,0,0,0,0,0,0,0,0,0,0,0,0,0,0,0,0,0,0,0,0,0,0,0,0,0,0,0,0,0,0,0,0,0,0
26,12,22,26,26,22,26,4,26,22,26,12,5,26,4,26,13,22,26,26,22,26,26,22,26,13,5,4,26,14,22,26,26,22,26,26,22,26,14,5,42,26,26,4,26,4,22,38,5,38,5,37,0,42,8,43,69,61,71,75,63,8,35,8,55,75,70,71,57,61,65,57,0,0,0,0,0,0,0,0,0,0,0,0,0,0,0,0,0,0,0,0,0,0,0,0,0,0,0,0,0,0,0,0,0,0,0,0,0,0,0,0,0,0,0,0,0,0,0,0,0,0,0,0,0,0,0,0,0,0,0,0,0,0,0,0,0,0,0,0,0,0,0,0,0,0,0,0,0,0,0,0,0,0,0,0,0,0,0,0,0
26,26,12,22,26,26,22,26,4,26,22,26,12,5,26,13,22,26,4,37,4,26,14,22,26,13,26,4,22,37,26,22,37,14,5,37,5,26,26,26,38,5,26,4,22,38,5,26,26,63,0,26,36,34,0,0,0,0,0,0,0,0,0,0,0,0,0,0,0,0,0,0,0,0,0,0,0,0,0,0,0,0,0,0,0,0,0,0,0,0,0,0,0,0,0,0,0,0,0,0,0,0,0,0,0,0,0,0,0,0,0,0,0,0,0,0,0,0,0,0,0,0,0,0,0,0,0,0,0,0,0,0,0,0,0,0,0,0,0,0,0,0,0,0,0,0,0,0,0,0,0,0,0,0,0,0,0,0,0,0,0
26,26,12,22,26,26,13,22,26,4,26,22,26,12,26,4,22,26,5,26,14,22,26,26,22,26,4,26,22,26,14,5,26,4,22,38,5,38,5,26,4,26,26,26,13,4,26,5,26,5,4,26,5,26,0,25,57,74,53,69,66,71,57,65,57,0,0,0,0,0,0,0,0,0,0,0,0,0,0,0,0,0,0,0,0,0,0,0,0,0,0,0,0,0,0,0,0,0,0,0,0,0,0,0,0,0,0,0,0,0,0,0,0,0,0,0,0,0,0,0,0,0,0,0,0,0,0,0,0,0,0,0,0,0,0,0,0,0,0,0,0,0,0,0,0,0,0,0,0,0,0,0,0,0,0,0,0,0,0,0,0
26,26,12,22,26,26,22,26,26,4,22,37,12,5,26,13,22,26,4,37,22,26,4,37,13,5,26,4,26,5,4,26,5,26,5,26,14,22,26,26,15,22,26,4,26,22,26,14,5,38,26,38,15,0,42,25,8,16,11,16,12,13,15,0,0,0,0,0,0,0,0,0,0,0,0,0,0,0,0,0,0,0,0,0,0,0,0,0,0,0,0,0,0,0,0,0,0,0,0,0,0,0,0,0,0,0,0,0,0,0,0,0,0,0,0,0,0,0,0,0,0,0,0,0,0,0,0,0,0,0,0,0,0,0,0,0,0,0,0,0,0,0,0,0,0,0,0,0,0,0,0,0,0,0,0,0,0,0,0,0,0
26,12,26,37,26,26,26,12,37,26,4,22,38,5,26,13,22,26,4,26,22,37,37,13,5,37,26,4,22,38,5,26,14,22,26,4,26,22,26,26,22,26,14,26,63,5,26,63,0,24,43,8,18,16,12,20,0,0,0,0,0,0,0,0,0,0,0,0,0,0,0,0,0,0,0,0,0,0,0,0,0,0,0,0,0,0,0,0,0,0,0,0,0,0,0,0,0,0,0,0,0,0,0,0,0,0,0,0,0,0,0,0,0,0,0,0,0,0,0,0,0,0,0,0,0,0,0,0,0,0,0,0,0,0,0,0,0,0,0,0,0,0,0,0,0,0,0,0,0,0,0,0,0,0,0,0,0,0,0,0,0
26,26,12,4,26,26,13,22,26,4,26,4,22,38,5,26,12,5,26,4,22,37,37,13,26,14,22,26,26,4,22,26,4,26,22,26,14,5,26,4,22,38,5,37,5,37,26,15,26,26,26,4,26,26,15,5,38,5,26,4,29,5,4,29,5,29,5,26,0,42,37,47,8,13,12,12,13,0,0,0,0,0,0,0,0,0,0,0,0,0,0,0,0,0,0,0,0,0,0,0,0,0,0,0,0,0,0,0,0,0,0,0,0,0,0,0,0,0,0,0,0,0,0,0,0,0,0,0,0,0,0,0,0,0,0,0,0,0,0,0,0,0,0,0,0,0,0,0,0,0,0,0,0,0,0,0,0,0,0,0,0
26,12,26,26,4,26,37,26,12,5,37,26,4,22,38,5,26,13,22,26,4,26,22,26,4,42,13,5,26,14,22,26,26,4,22,26,26,22,26,14,5,29,5,37,26,4,22,38,5,37,0,24,49,27,18,18,17,13,0,0,0,0,0,0,0,0,0,0,0,0,0,0,0,0,0,0,0,0,0,0,0,0,0,0,0,0,0,0,0,0,0,0,0,0,0,0,0,0,0,0,0,0,0,0,0,0,0,0,0,0,0,0,0,0,0,0,0,0,0,0,0,0,0,0,0,0,0,0,0,0,0,0,0,0,0,0,0,0,0,0,0,0,0,0,0,0,0,0,0,0,0,0,0,0,0,0,0,0,0,0,0
26,26,12,22,26,13,26,22,26,4,26,22,26,26,13,22,37,37,12,5,26,14,22,26,26,4,22,26,37,22,26,14,5,38,26,26,4,26,26,15,22,26,37,26,16,22,26,26,22,26,26,22,26,16,15,5,37,0,24,8,15,15,14,17,16,15,0,0,0,0,0,0,0,0,0,0,0,0,0,0,0,0,0,0,0,0,0,0,0,0,0,0,0,0,0,0,0,0,0,0,0,0,0,0,0,0,0,0,0,0,0,0,0,0,0,0,0,0,0,0,0,0,0,0,0,0,0,0,0,0,0,0,0,0,0,0,0,0,0,0,0,0,0,0,0,0,0,0,0,0,0,0,0,0,0,0,0,0,0,0,0
26,26,12,22,26,37,22,26,4,37,12,5,26,13,22,26,37,22,26,4,37,22,26,13,26,14,22,26,4,26,22,26,4,26,22,26,14,5,26,63,5,26,63,5,37,26,26,37,26,15,22,37,26,22,26,4,26,22,26,15,5,26,2,37,0,26,31,32,41,8,20,20,11,13,12,0,0,0,0,0,0,0,0,0,0,0,0,0,0,0,0,0,0,0,0,0,0,0,0,0,0,0,0,0,0,0,0,0,0,0,0,0,0,0,0,0,0,0,0,0,0,0,0,0,0,0,0,0,0,0,0,0,0,0,0,0,0,0,0,0,0,0,0,0,0,0,0,0,0,0,0,0,0,0,0,0,0,0,0,0,0
26,12,26,38,26,26,37,12,26,13,22,37,26,4,22,37,26,14,22,26,13,38,26,15,22,26,14,26,22,26,26,22,37,15,5,26,16,22,26,26,4,22,26,26,22,26,16,5,37,26,4,22,38,5,26,17,22,26,37,22,26,4,26,22,26,17,5,37,0,48,36,13,11,12,17,14,17,0,0,0,0,0,0,0,0,0,0,0,0,0,0,0,0,0,0,0,0,0,0,0,0,0,0,0,0,0,0,0,0,0,0,0,0,0,0,0,0,0,0,0,0,0,0,0,0,0,0,0,0,0,0,0,0,0,0,0,0,0,0,0,0,0,0,0,0,0,0,0,0,0,0,0,0,0,0,0,0,0,0,0,0
26,12,22,26,26,22,26,4,26,22,26,12,5,26,13,22,26,26,14,22,26,4,26,15,22,26,4,37,14,5,26,22,26,26,4,22,26,15,5,38,5,26,16,22,26,13,26,4,22,38,5,37,26,16,22,38,9,38,0,17,19,12,17,15,11,0,0,0,0,0,0,0,0,0,0,0,0,0,0,0,0,0,0,0,0,0,0,0,0,0,0,0,0,0,0,0,0,0,0,0,0,0,0,0,0,0,0,0,0,0,0,0,0,0,0,0,0,0,0,0,0,0,0,0,0,0,0,0,0,0,0,0,0,0,0,0,0,0,0,0,0,0,0,0,0,0,0,0,0,0,0,0,0,0,0,0,0,0,0,0,0
26,12,26,26,12,26,4,22,38,5,37,13,26,26,37,4,26,26,13,5,26,4,22,38,5,26,14,22,26,4,26,22,26,26,4,22,26,14,5,26,26,15,22,37,37,26,4,22,38,5,26,16,22,26,26,22,26,26,22,26,16,15,5,29,0,38,63,53,67,53,69,61,54,0,0,0,0,0,0,0,0,0,0,0,0,0,0,0,0,0,0,0,0,0,0,0,0,0,0,0,0,0,0,0,0,0,0,0,0,0,0,0,0,0,0,0,0,0,0,0,0,0,0,0,0,0,0,0,0,0,0,0,0,0,0,0,0,0,0,0,0,0,0,0,0,0,0,0,0,0,0,0,0,0,0,0,0,0,0,0,0
26,12,26,37,4,26,26,26,12,37,13,26,14,22,26,26,22,26,26,22,26,14,37,26,13,22,38,5,26,26,15,22,26,26,22,26,4,26,22,26,15,5,26,16,22,37,26,17,22,26,26,18,22,26,4,26,22,26,17,37,22,26,16,26,19,22,26,26,22,26,26,22,26,19,5,37,22,26,37,18,0,24,34,43,1,61,65,60,61,54,61,71,66,69,1,45,32,32,32,0,0,0,0,0,0,0,0,0,0,0,0,0,0,0,0,0,0,0,0,0,0,0,0,0,0,0,0,0,0,0,0,0,0,0,0,0,0,0,0,0,0,0,0,0,0,0,0,0,0,0,0,0,0,0,0,0,0,0,0,0,0
26,26,4,22,38,5,37,12,26,26,37,4,26,26,12,5,26,13,26,26,26,4,26,26,13,5,37,14,26,15,22,26,4,26,4,22,37,14,5,26,16,22,26,26,4,22,26,4,26,22,26,16,5,37,26,4,22,38,5,26,17,22,26,26,18,22,26,26,22,26,26,22,26,18,37,17,26,5,38,26,5,26,4,22,37,26,22,37,15,5,37,0,24,8,18,18,11,11,15,12,0,0,0,0,0,0,0,0,0,0,0,0,0,0,0,0,0,0,0,0,0,0,0,0,0,0,0,0,0,0,0,0,0,0,0,0,0,0,0,0,0,0,0,0,0,0,0,0,0,0,0,0,0,0,0,0,0,0,0,0,0
38,22,26,4,26,12,26,26,12,5,37,26,13,22,37,37,26,14,22,26,26,4,26,15,22,26,26,4,26,4,37,26,16,26,26,16,5,22,38,5,22,26,26,22,26,15,5,22,26,26,22,26,14,13,0,47,36,27,12,14,8,13,0,0,0,0,0,0,0,0,0,0,0,0,0,0,0,0,0,0,0,0,0,0,0,0,0,0,0,0,0,0,0,0,0,0,0,0,0,0,0,0,0,0,0,0,0,0,0,0,0,0,0,0,0,0,0,0,0,0,0,0,0,0,0,0,0,0,0,0,0,0,0,0,0,0,0,0,0,0,0,0,0,0,0,0,0,0,0,0,0,0,0,0,0,0,0,0,0,0,0
26,26,12,22,26,4,37,26,4,22,26,12,26,4,22,38,5,37,13,26,26,26,26,13,26,37,14,26,26,26,26,14,5,26,5,26,22,26,15,26,16,22,26,4,26,22,26,26,4,22,26,16,5,42,4,22,38,5,4,22,38,5,26,26,17,22,26,4,26,22,26,26,22,26,17,26,63,5,26,63,5,37,26,15,22,38,0,39,31,24,8,17,17,16,18,16,13,0,0,0,0,0,0,0,0,0,0,0,0,0,0,0,0,0,0,0,0,0,0,0,0,0,0,0,0,0,0,0,0,0,0,0,0,0,0,0,0,0,0,0,0,0,0,0,0,0,0,0,0,0,0,0,0,0,0,0,0,0,0,0,0
26,37,12,26,22,26,4,26,13,22,26,26,22,26,26,22,26,13,12,5,26,14,22,26,4,26,4,22,38,5,37,26,14,22,38,5,26,15,22,26,37,4,26,16,22,26,26,22,26,26,22,26,16,15,5,26,17,26,26,37,4,26,26,17,5,26,26,18,22,26,26,22,26,26,22,37,18,0,28,65,76,53,70,71,53,72,69,61,65,0,0,0,0,0,0,0,0,0,0,0,0,0,0,0,0,0,0,0,0,0,0,0,0,0,0,0,0,0,0,0,0,0,0,0,0,0,0,0,0,0,0,0,0,0,0,0,0,0,0,0,0,0,0,0,0,0,0,0,0,0,0,0,0,0,0,0,0,0,0,0,0
26,12,22,26,26,22,26,13,26,4,22,26,12,5,26,4,22,26,26,22,37,13,5,26,37,26,14,22,26,4,42,26,22,26,14,5,26,4,22,38,5,37,26,15,22,26,26,22,26,4,26,22,26,15,5,38,26,4,29,5,4,29,5,29,0,38,42,32,8,20,14,11,0,0,0,0,0,0,0,0,0,0,0,0,0,0,0,0,0,0,0,0,0,0,0,0,0,0,0,0,0,0,0,0,0,0,0,0,0,0,0,0,0,0,0,0,0,0,0,0,0,0,0,0,0,0,0,0,0,0,0,0,0,0,0,0,0,0,0,0,0,0,0,0,0,0,0,0,0,0,0,0,0,0,0,0,0,0,0,0,0
26,12,26,38,26,26,37,12,26,26,13,22,26,26,4,22,38,5,26,4,22,26,38,13,5,38,26,26,26,26,26,42,26,14,22,26,15,26,22,26,26,4,22,26,26,15,22,37,26,22,26,14,5,26,4,29,5,4,29,5,29,9,26,63,9,26,63,0,28,31,43,8,12,19,17,15,0,0,0,0,0,0,0,0,0,0,0,0,0,0,0,0,0,0,0,0,0,0,0,0,0,0,0,0,0,0,0,0,0,0,0,0,0,0,0,0,0,0,0,0,0,0,0,0,0,0,0,0,0,0,0,0,0,0,0,0,0,0,0,0,0,0,0,0,0,0,0,0,0,0,0,0,0,0,0,0,0,0,0,0,0
26,26,12,26,26,4,22,38,5,37,4,26,13,22,26,37,22,26,4,37,22,26,13,37,12,26,14,26,26,26,26,14,5,37,26,15,22,26,4,26,22,26,4,26,22,26,15,5,26,4,22,38,5,37,26,16,26,26,37,4,26,26,16,5,26,5,38,26,5,26,0,37,39,34,18,17,8,32,32,8,18,13,8,12,0,0,0,0,0,0,0,0,0,0,0,0,0,0,0,0,0,0,0,0,0,0,0,0,0,0,0,0,0,0,0,0,0,0,0,0,0,0,0,0,0,0,0,0,0,0,0,0,0,0,0,0,0,0,0,0,0,0,0,0,0,0,0,0,0,0,0,0,0,0,0,0,0,0,0,0,0
26,37,26,4,22,38,5,26,12,22,37,26,22,26,26,4,22,26,12,5,38,26,13,22,26,26,22,26,4,26,22,26,13,5,37,26,4,22,38,5,37,26,14,22,26,26,4,22,26,4,26,22,26,14,5,26,63,5,26,4,29,5,4,29,5,29,0,42,66,69,53,58,57,65,61,54,0,0,0,0,0,0,0,0,0,0,0,0,0,0,0,0,0,0,0,0,0,0,0,0,0,0,0,0,0,0,0,0,0,0,0,0,0,0,0,0,0,0,0,0,0,0,0,0,0,0,0,0,0,0,0,0,0,0,0,0,0,0,0,0,0,0,0,0,0,0,0,0,0,0,0,0,0,0,0,0,0,0,0,0,0
26,26,12,22,26,26,26,26,13,4,26,4,38,13,5,26,14,26,4,26,26,12,5,26,4,22,26,5,26,4,22,38,5,38,14,5,26,0,39,53,69,71,60,57,65,66,63,61,56,57,0,0,0,0,0,0,0,0,0,0,0,0,0,0,0,0,0,0,0,0,0,0,0,0,0,0,0,0,0,0,0,0,0,0,0,0,0,0,0,0,0,0,0,0,0,0,0,0,0,0,0,0,0,0,0,0,0,0,0,0,0,0,0,0,0,0,0,0,0,0,0,0,0,0,0,0,0,0,0,0,0,0,0,0,0,0,0,0,0,0,0,0,0,0,0,0,0,0,0,0,0,0,0,0,0,0,0,0,0,0,0
26,37,12,26,26,37,4,26,26,12,5,26,13,22,26,26,4,22,26,4,26,22,26,13,5,37,26,14,22,37,26,4,22,26,4,42,14,5,26,4,22,38,5,26,15,22,26,4,26,22,26,26,22,26,15,26,63,5,26,63,5,37,5,38,26,0,47,36,27,12,15,8,20,20,0,0,0,0,0,0,0,0,0,0,0,0,0,0,0,0,0,0,0,0,0,0,0,0,0,0,0,0,0,0,0,0,0,0,0,0,0,0,0,0,0,0,0,0,0,0,0,0,0,0,0,0,0,0,0,0,0,0,0,0,0,0,0,0,0,0,0,0,0,0,0,0,0,0,0,0,0,0,0,0,0,0,0,0,0,0,0
26,26,12,22,26,26,4,22,26,4,26,22,26,12,5,29,5,37,26,4,22,38,5,37,26,13,22,26,26,22,26,4,26,22,26,13,5,26,14,22,26,15,26,4,22,26,26,22,26,14,5,37,37,22,26,15,37,0,35,61,65,61,58,53,65,61,54,0,0,0,0,0,0,0,0,0,0,0,0,0,0,0,0,0,0,0,0,0,0,0,0,0,0,0,0,0,0,0,0,0,0,0,0,0,0,0,0,0,0,0,0,0,0,0,0,0,0,0,0,0,0,0,0,0,0,0,0,0,0,0,0,0,0,0,0,0,0,0,0,0,0,0,0,0,0,0,0,0,0,0,0,0,0,0,0,0,0,0,0,0,0
26,12,22,26,26,22,26,4,26,22,26,12,5,26,37,13,26,14,22,26,26,22,26,26,22,26,14,26,4,22,26,4,26,13,22,38,5,26,4,22,38,5,37,26,26,4,22,38,5,38,5,38,0,32,38,47,13,0,0,0,0,0,0,0,0,0,0,0,0,0,0,0,0,0,0,0,0,0,0,0,0,0,0,0,0,0,0,0,0,0,0,0,0,0,0,0,0,0,0,0,0,0,0,0,0,0,0,0,0,0,0,0,0,0,0,0,0,0,0,0,0,0,0,0,0,0,0,0,0,0,0,0,0,0,0,0,0,0,0,0,0,0,0,0,0,0,0,0,0,0,0,0,0,0,0,0,0,0,0,0,0
26,12,26,26,37,4,26,12,5,26,4,22,38,5,37,26,13,22,26,26,22,26,26,4,22,26,13,5,37,26,14,22,37,26,22,26,4,26,4,22,37,14,5,37,26,26,26,37,26,4,22,38,5,26,15,22,26,26,22,26,42,15,5,32,0,25,47,18,20,17,0,0,0,0,0,0,0,0,0,0,0,0,0,0,0,0,0,0,0,0,0,0,0,0,0,0,0,0,0,0,0,0,0,0,0,0,0,0,0,0,0,0,0,0,0,0,0,0,0,0,0,0,0,0,0,0,0,0,0,0,0,0,0,0,0,0,0,0,0,0,0,0,0,0,0,0,0,0,0,0,0,0,0,0,0,0,0,0,0,0,0
26,42,4,22,38,5,4,22,38,5,26,26,37,26,26,12,22,26,26,22,26,4,38,12,5,26,13,22,26,26,14,22,26,4,26,22,26,13,5,37,22,26,37,22,26,14,37,26,15,22,26,26,4,22,26,4,26,22,26,15,5,38,26,26,16,22,26,26,4,22,26,26,22,26,16,5,29,5,26,63,0,35,53,67,53,71,61,65,61,54,0,0,0,0,0,0,0,0,0,0,0,0,0,0,0,0,0,0,0,0,0,0,0,0,0,0,0,0,0,0,0,0,0,0,0,0,0,0,0,0,0,0,0,0,0,0,0,0,0,0,0,0,0,0,0,0,0,0,0,0,0,0,0,0,0,0,0,0,0,0,0
26,12,26,26,12,26,38,26,13,22,26,26,22,26,26,4,22,38,5,26,13,22,26,14,26,22,26,4,26,4,22,26,4,37,14,5,37,5,26,2,37,5,26,15,26,26,37,26,26,15,0,34,32,37,11,11,12,8,13,17,11,0,0,0,0,0,0,0,0,0,0,0,0,0,0,0,0,0,0,0,0,0,0,0,0,0,0,0,0,0,0,0,0,0,0,0,0,0,0,0,0,0,0,0,0,0,0,0,0,0,0,0,0,0,0,0,0,0,0,0,0,0,0,0,0,0,0,0,0,0,0,0,0,0,0,0,0,0,0,0,0,0,0,0,0,0,0,0,0,0,0,0,0,0,0,0,0,0,0,0,0
26,38,26,12,22,26,4,26,22,26,13,26,4,22,26,12,5,26,4,22,37,26,22,37,13,5,37,26,14,22,26,26,22,26,4,26,22,26,14,5,37,26,4,22,38,5,26,15,22,26,26,22,26,26,22,26,15,5,38,26,26,26,37,16,26,26,38,26,26,16,0,49,36,15,15,18,15,14,20,0,0,0,0,0,0,0,0,0,0,0,0,0,0,0,0,0,0,0,0,0,0,0,0,0,0,0,0,0,0,0,0,0,0,0,0,0,0,0,0,0,0,0,0,0,0,0,0,0,0,0,0,0,0,0,0,0,0,0,0,0,0,0,0,0,0,0,0,0,0,0,0,0,0,0,0,0,0,0,0,0,0
26,12,26,42,26,26,13,22,26,12,37,26,4,22,37,26,13,22,38,5,26,14,22,26,26,22,26,4,26,22,26,14,5,26,4,29,5,4,29,5,29,0,47,24,45,20,14,20,0,0,0,0,0,0,0,0,0,0,0,0,0,0,0,0,0,0,0,0,0,0,0,0,0,0,0,0,0,0,0,0,0,0,0,0,0,0,0,0,0,0,0,0,0,0,0,0,0,0,0,0,0,0,0,0,0,0,0,0,0,0,0,0,0,0,0,0,0,0,0,0,0,0,0,0,0,0,0,0,0,0,0,0,0,0,0,0,0,0,0,0,0,0,0,0,0,0,0,0,0,0,0,0,0,0,0,0,0,0,0,0,0
26,26,38,26,12,22,26,4,26,4,22,26,26,4,22,37,12,5,37,26,4,22,38,5,26,26,13,22,26,4,26,22,26,26,4,22,26,13,5,38,26,5,38,26,5,37,5,26,2,37,0,33,37,34,1,32,65,60,61,54,61,71,66,69,1,45,32,32,32,0,0,0,0,0,0,0,0,0,0,0,0,0,0,0,0,0,0,0,0,0,0,0,0,0,0,0,0,0,0,0,0,0,0,0,0,0,0,0,0,0,0,0,0,0,0,0,0,0,0,0,0,0,0,0,0,0,0,0,0,0,0,0,0,0,0,0,0,0,0,0,0,0,0,0,0,0,0,0,0,0,0,0,0,0,0,0,0,0,0,0,0
26,12,22,26,26,4,22,26,26,4,22,26,12,5,26,63,5,37,26,13,22,37,26,22,26,26,4,22,37,13,5,26,14,22,26,26,4,22,37,26,22,26,14,5,37,26,26,26,38,0,26,30,39,8,17,11,15,18,15,0,0,0,0,0,0,0,0,0,0,0,0,0,0,0,0,0,0,0,0,0,0,0,0,0,0,0,0,0,0,0,0,0,0,0,0,0,0,0,0,0,0,0,0,0,0,0,0,0,0,0,0,0,0,0,0,0,0,0,0,0,0,0,0,0,0,0,0,0,0,0,0,0,0,0,0,0,0,0,0,0,0,0,0,0,0,0,0,0,0,0,0,0,0,0,0,0,0,0,0,0,0
26,26,12,4,26,26,4,26,12,5,26,13,22,37,26,4,22,26,14,37,13,26,22,26,37,22,26,14,37,5,26,15,22,26,26,16,22,26,4,26,22,26,15,5,26,22,26,26,4,22,37,16,5,26,17,22,26,26,22,26,26,22,26,17,5,38,0,35,61,65,70,61,71,61,65,61,54,0,0,0,0,0,0,0,0,0,0,0,0,0,0,0,0,0,0,0,0,0,0,0,0,0,0,0,0,0,0,0,0,0,0,0,0,0,0,0,0,0,0,0,0,0,0,0,0,0,0,0,0,0,0,0,0,0,0,0,0,0,0,0,0,0,0,0,0,0,0,0,0,0,0,0,0,0,0,0,0,0,0,0,0
26,26,26,42,4,22,38,5,4,22,38,5,37,26,12,22,26,4,26,4,22,26,4,26,22,26,12,5,29,5,26,4,22,38,5,26,13,22,26,37,26,14,22,37,26,22,26,4,26,22,26,13,14,5,26,63,5,29,0,39,35,47,8,15,18,13,11,0,0,0,0,0,0,0,0,0,0,0,0,0,0,0,0,0,0,0,0,0,0,0,0,0,0,0,0,0,0,0,0,0,0,0,0,0,0,0,0,0,0,0,0,0,0,0,0,0,0,0,0,0,0,0,0,0,0,0,0,0,0,0,0,0,0,0,0,0,0,0,0,0,0,0,0,0,0,0,0,0,0,0,0,0,0,0,0,0,0,0,0,0,0
26,26,26,26,26,26,26,26,26,26,26,26,12,22,26,4,26,4,22,38,5,26,22,26,4,26,12,22,38,5,38,5,38,0,28,64,54,57,63,61,65,0,0,0,0,0,0,0,0,0,0,0,0,0,0,0,0,0,0,0,0,0,0,0,0,0,0,0,0,0,0,0,0,0,0,0,0,0,0,0,0,0,0,0,0,0,0,0,0,0,0,0,0,0,0,0,0,0,0,0,0,0,0,0,0,0,0,0,0,0,0,0,0,0,0,0,0,0,0,0,0,0,0,0,0,0,0,0,0,0,0,0,0,0,0,0,0,0,0,0,0,0,0,0,0,0,0,0,0,0,0,0,0,0,0,0,0,0,0,0,0
26,37,12,26,22,26,4,26,22,37,12,5,26,13,22,26,26,14,22,26,15,26,4,22,26,37,22,26,14,26,22,26,13,5,26,22,26,26,4,22,38,5,37,15,26,16,22,26,26,17,22,26,4,26,26,37,17,26,4,22,38,5,26,22,26,5,26,22,26,16,0,40,35,8,47,32,32,8,15,18,0,0,0,0,0,0,0,0,0,0,0,0,0,0,0,0,0,0,0,0,0,0,0,0,0,0,0,0,0,0,0,0,0,0,0,0,0,0,0,0,0,0,0,0,0,0,0,0,0,0,0,0,0,0,0,0,0,0,0,0,0,0,0,0,0,0,0,0,0,0,0,0,0,0,0,0,0,0,0,0,0
26,26,12,22,26,26,22,26,4,26,22,26,12,5,26,4,22,38,5,37,4,26,26,26,37,5,26,4,26,13,22,37,26,14,22,26,4,26,22,26,26,4,22,26,14,5,26,63,5,26,4,22,38,5,37,13,26,26,15,22,26,26,22,26,26,22,26,15,5,26,4,26,5,26,9,26,42,4,22,38,5,4,22,38,5,38,0,32,70,67,61,65,57,70,61,54,1,36,57,70,75,63,53,71,57,0,0,0,0,0,0,0,0,0,0,0,0,0,0,0,0,0,0,0,0,0,0,0,0,0,0,0,0,0,0,0,0,0,0,0,0,0,0,0,0,0,0,0,0,0,0,0,0,0,0,0,0,0,0,0,0
26,26,12,22,26,4,26,22,26,4,26,22,26,12,5,37,26,13,22,37,26,22,26,26,4,22,37,13,5,37,4,26,5,26,14,22,26,26,15,22,37,37,4,26,4,22,26,15,26,22,26,14,5,26,5,26,5,42,4,22,38,5,4,22,38,5,37,0,39,53,76,66,67,53,65,61,54,0,0,0,0,0,0,0,0,0,0,0,0,0,0,0,0,0,0,0,0,0,0,0,0,0,0,0,0,0,0,0,0,0,0,0,0,0,0,0,0,0,0,0,0,0,0,0,0,0,0,0,0,0,0,0,0,0,0,0,0,0,0,0,0,0,0,0,0,0,0,0,0,0,0,0,0,0,0,0,0,0,0,0,0
26,26,37,26,4,22,38,5,26,12,22,26,4,26,4,22,26,13,26,22,26,4,26,4,22,26,26,13,22,38,5,38,5,26,4,26,5,26,5,38,37,12,5,26,14,22,26,26,22,26,4,26,22,26,14,5,26,37,15,26,26,38,26,26,15,0,35,72,64,61,65,57,70,67,61,54,0,0,0,0,0,0,0,0,0,0,0,0,0,0,0,0,0,0,0,0,0,0,0,0,0,0,0,0,0,0,0,0,0,0,0,0,0,0,0,0,0,0,0,0,0,0,0,0,0,0,0,0,0,0,0,0,0,0,0,0,0,0,0,0,0,0,0,0,0,0,0,0,0,0,0,0,0,0,0,0,0,0,0,0,0
26,37,12,26,26,37,4,26,26,12,5,26,26,38,26,13,22,26,26,4,22,26,14,26,4,22,26,13,5,37,22,26,37,22,26,14,37,26,15,22,26,4,26,22,26,26,16,22,26,15,38,26,38,16,5,26,63,5,38,26,17,26,26,38,26,26,17,0,42,53,69,53,55,53,71,61,65,61,54,0,0,0,0,0,0,0,0,0,0,0,0,0,0,0,0,0,0,0,0,0,0,0,0,0,0,0,0,0,0,0,0,0,0,0,0,0,0,0,0,0,0,0,0,0,0,0,0,0,0,0,0,0,0,0,0,0,0,0,0,0,0,0,0,0,0,0,0,0,0,0,0,0,0,0,0,0,0,0,0,0,0
26,26,12,22,26,26,4,22,26,26,13,22,26,12,37,26,4,22,26,14,26,4,22,26,26,22,37,26,14,22,38,5,37,26,26,4,26,15,22,26,26,4,22,26,26,22,26,15,5,26,63,5,38,5,37,13,5,37,16,26,26,38,26,26,16,0,25,36,42,8,16,14,17,20,13,15,0,0,0,0,0,0,0,0,0,0,0,0,0,0,0,0,0,0,0,0,0,0,0,0,0,0,0,0,0,0,0,0,0,0,0,0,0,0,0,0,0,0,0,0,0,0,0,0,0,0,0,0,0,0,0,0,0,0,0,0,0,0,0,0,0,0,0,0,0,0,0,0,0,0,0,0,0,0,0,0,0,0,0,0,0
26,12,22,26,26,22,26,4,26,22,26,12,5,26,4,26,38,26,13,22,26,26,14,22,26,4,26,22,26,13,5,37,26,4,22,38,5,37,14,5,37,26,4,22,38,5,26,15,22,26,26,22,26,37,4,26,15,22,38,5,26,26,16,22,26,26,4,22,26,4,26,22,26,16,5,29,5,29,0,34,32,37,11,11,12,8,13,15,15,0,0,0,0,0,0,0,0,0,0,0,0,0,0,0,0,0,0,0,0,0,0,0,0,0,0,0,0,0,0,0,0,0,0,0,0,0,0,0,0,0,0,0,0,0,0,0,0,0,0,0,0,0,0,0,0,0,0,0,0,0,0,0,0,0,0,0,0,0,0,0,0
26,12,26,26,13,22,26,4,26,12,5,26,22,26,4,26,22,26,13,5,38,26,14,22,37,26,15,22,26,4,26,4,22,37,14,5,37,26,4,26,26,16,22,26,26,22,26,26,22,26,16,5,26,38,5,37,22,26,37,15,26,26,17,22,26,26,22,26,4,26,22,26,17,5,26,18,22,26,26,22,26,26,22,26,18,0,40,42,12,12,0,0,0,0,0,0,0,0,0,0,0,0,0,0,0,0,0,0,0,0,0,0,0,0,0,0,0,0,0,0,0,0,0,0,0,0,0,0,0,0,0,0,0,0,0,0,0,0,0,0,0,0,0,0,0,0,0,0,0,0,0,0,0,0,0,0,0,0,0,0,0
26,26,37,12,26,26,37,4,26,26,12,5,26,26,13,22,26,4,26,22,26,4,26,22,26,13,5,37,26,4,22,38,5,26,14,22,26,26,4,22,26,4,26,22,26,14,5,26,5,38,26,15,22,26,16,26,22,26,37,26,16,22,37,26,22,26,15,5,26,4,29,5,4,29,5,29,0,37,30,8,13,16,0,0,0,0,0,0,0,0,0,0,0,0,0,0,0,0,0,0,0,0,0,0,0,0,0,0,0,0,0,0,0,0,0,0,0,0,0,0,0,0,0,0,0,0,0,0,0,0,0,0,0,0,0,0,0,0,0,0,0,0,0,0,0,0,0,0,0,0,0,0,0,0,0,0,0,0,0,0,0
26,26,4,26,5,42,4,22,38,5,4,22,38,5,26,12,22,26,26,22,26,26,22,26,12,37,26,13,22,26,26,4,22,37,26,14,22,26,13,26,22,26,37,14,5,37,26,15,22,26,4,26,22,26,4,26,22,26,15,5,37,16,26,26,26,4,26,26,16,5,38,5,38,26,0,36,39,42,8,12,8,32,37,8,12,0,0,0,0,0,0,0,0,0,0,0,0,0,0,0,0,0,0,0,0,0,0,0,0,0,0,0,0,0,0,0,0,0,0,0,0,0,0,0,0,0,0,0,0,0,0,0,0,0,0,0,0,0,0,0,0,0,0,0,0,0,0,0,0,0,0,0,0,0,0,0,0,0,0,0,0
26,26,38,26,12,22,26,4,26,22,26,13,26,4,22,26,12,5,37,22,26,26,4,22,26,13,37,26,14,22,26,26,4,22,26,4,26,22,26,14,5,29,5,26,63,5,26,2,37,5,37,26,4,22,38,5,26,22,26,26,37,4,26,5,26,0,39,57,63,61,71,61,65,61,54,0,0,0,0,0,0,0,0,0,0,0,0,0,0,0,0,0,0,0,0,0,0,0,0,0,0,0,0,0,0,0,0,0,0,0,0,0,0,0,0,0,0,0,0,0,0,0,0,0,0,0,0,0,0,0,0,0,0,0,0,0,0,0,0,0,0,0,0,0,0,0,0,0,0,0,0,0,0,0,0,0,0,0,0,0,0
26,26,26,12,22,26,26,4,22,26,13,26,4,22,26,4,37,37,13,5,26,5,26,14,22,26,26,15,22,26,4,26,22,26,14,5,38,26,26,38,15,5,26,4,22,38,5,26,22,26,12,38,0,26,26,43,8,11,12,19,12,16,20,0,0,0,0,0,0,0,0,0,0,0,0,0,0,0,0,0,0,0,0,0,0,0,0,0,0,0,0,0,0,0,0,0,0,0,0,0,0,0,0,0,0,0,0,0,0,0,0,0,0,0,0,0,0,0,0,0,0,0,0,0,0,0,0,0,0,0,0,0,0,0,0,0,0,0,0,0,0,0,0,0,0,0,0,0,0,0,0,0,0,0,0,0,0,0,0,0,0
26,26,26,26,22,26,26,22,26,26,4,22,38,5,38,26,12,26,4,22,26,26,4,22,38,5,38,26,5,26,26,13,26,26,4,38,26,4,22,38,5,26,26,4,26,26,14,26,26,4,26,4,26,4,38,14,5,4,26,26,15,26,26,4,22,26,26,4,22,38,5,38,26,5,26,26,4,38,15,5,26,22,26,26,4,26,12,4,38,13,5,38,5,4,26,5,26,5,38,5,4,26,5,26,5,38,26,4,22,38,5,26,5,38,5,26,4,26,5,38,0,25,69,75,66,70,71,53,71,61,65,1,12,0,0,0,0,0,0,0,0,0,0,0,0,0,0,0,0,0,0,0,0,0,0,0,0,0,0,0,0
26,26,26,12,22,26,13,26,22,26,4,26,22,26,26,13,22,37,26,14,22,26,12,26,37,15,26,14,22,26,26,16,22,26,4,26,15,22,38,5,26,38,26,4,22,38,5,26,16,4,26,26,5,38,5,38,0,42,37,8,14,19,0,0,0,0,0,0,0,0,0,0,0,0,0,0,0,0,0,0,0,0,0,0,0,0,0,0,0,0,0,0,0,0,0,0,0,0,0,0,0,0,0,0,0,0,0,0,0,0,0,0,0,0,0,0,0,0,0,0,0,0,0,0,0,0,0,0,0,0,0,0,0,0,0,0,0,0,0,0,0,0,0,0,0,0,0,0,0,0,0,0,0,0,0,0,0,0,0,0,0
26,26,12,22,26,4,26,22,26,4,26,22,26,12,5,26,4,22,38,5,37,26,13,22,26,26,4,22,26,26,4,22,26,13,5,37,14,26,22,26,4,37,22,26,14,5,26,5,26,4,29,5,4,29,5,29,5,37,26,15,22,37,26,22,26,26,4,22,37,15,5,26,16,22,26,37,22,26,26,22,26,16,0,37,61,63,66,71,61,65,61,54,0,0,0,0,0,0,0,0,0,0,0,0,0,0,0,0,0,0,0,0,0,0,0,0,0,0,0,0,0,0,0,0,0,0,0,0,0,0,0,0,0,0,0,0,0,0,0,0,0,0,0,0,0,0,0,0,0,0,0,0,0,0,0,0,0,0,0,0,0
26,26,12,22,26,4,26,22,26,4,26,22,26,12,5,37,26,13,22,37,26,22,37,26,4,22,26,13,5,26,14,22,26,26,4,22,26,26,22,26,14,5,37,15,26,4,22,38,5,26,16,22,26,26,22,26,26,22,26,16,26,15,22,38,5,37,42,4,22,38,5,4,22,38,5,26,0,34,32,37,11,11,12,8,13,18,11,0,0,0,0,0,0,0,0,0,0,0,0,0,0,0,0,0,0,0,0,0,0,0,0,0,0,0,0,0,0,0,0,0,0,0,0,0,0,0,0,0,0,0,0,0,0,0,0,0,0,0,0,0,0,0,0,0,0,0,0,0,0,0,0,0,0,0,0,0,0,0,0,0,0
38,22,26,12,26,26,37,4,26,13,26,26,26,26,13,5,26,14,22,37,26,4,37,26,15,22,26,26,22,26,4,26,4,37,26,16,26,26,37,4,26,5,26,26,16,5,22,38,5,26,22,26,15,38,26,5,22,37,26,22,26,14,37,12,26,4,26,5,26,0,47,36,27,12,12,8,19,16,60,0,0,0,0,0,0,0,0,0,0,0,0,0,0,0,0,0,0,0,0,0,0,0,0,0,0,0,0,0,0,0,0,0,0,0,0,0,0,0,0,0,0,0,0,0,0,0,0,0,0,0,0,0,0,0,0,0,0,0,0,0,0,0,0,0,0,0,0,0,0,0,0,0,0,0,0,0,0,0,0,0,0
26,12,26,38,26,26,37,12,26,13,22,37,26,4,22,37,26,4,22,37,13,5,37,14,26,15,22,26,26,22,26,26,22,26,15,37,22,26,14,26,4,29,5,29,5,37,16,26,26,38,26,26,16,0,49,42,43,34,15,18,15,0,0,0,0,0,0,0,0,0,0,0,0,0,0,0,0,0,0,0,0,0,0,0,0,0,0,0,0,0,0,0,0,0,0,0,0,0,0,0,0,0,0,0,0,0,0,0,0,0,0,0,0,0,0,0,0,0,0,0,0,0,0,0,0,0,0,0,0,0,0,0,0,0,0,0,0,0,0,0,0,0,0,0,0,0,0,0,0,0,0,0,0,0,0,0,0,0,0,0,0
26,26,12,22,26,26,22,26,4,26,22,26,12,5,26,13,22,26,4,37,4,26,14,22,26,13,26,4,22,37,26,22,37,14,5,37,5,26,26,26,37,26,26,38,26,5,26,4,22,38,5,26,29,0,29,36,34,0,0,0,0,0,0,0,0,0,0,0,0,0,0,0,0,0,0,0,0,0,0,0,0,0,0,0,0,0,0,0,0,0,0,0,0,0,0,0,0,0,0,0,0,0,0,0,0,0,0,0,0,0,0,0,0,0,0,0,0,0,0,0,0,0,0,0,0,0,0,0,0,0,0,0,0,0,0,0,0,0,0,0,0,0,0,0,0,0,0,0,0,0,0,0,0,0,0,0,0,0,0,0,0
26,37,12,26,4,22,37,26,22,37,12,5,26,13,26,4,37,22,26,14,26,22,26,4,26,22,26,15,26,14,22,26,13,37,37,26,15,22,38,5,29,5,26,16,22,26,26,22,26,4,26,22,26,16,5,29,0,43,53,63,53,76,66,67,53,69,61,54,0,0,0,0,0,0,0,0,0,0,0,0,0,0,0,0,0,0,0,0,0,0,0,0,0,0,0,0,0,0,0,0,0,0,0,0,0,0,0,0,0,0,0,0,0,0,0,0,0,0,0,0,0,0,0,0,0,0,0,0,0,0,0,0,0,0,0,0,0,0,0,0,0,0,0,0,0,0,0,0,0,0,0,0,0,0,0,0,0,0,0,0,0
26,37,12,26,26,37,4,26,26,12,5,26,13,22,26,26,4,22,26,4,26,22,26,13,5,37,26,14,22,37,26,22,26,15,26,4,22,37,14,5,37,4,26,16,22,26,26,22,26,26,22,26,16,26,4,22,38,5,37,15,26,5,26,5,38,26,0,47,36,27,19,8,19,16,0,0,0,0,0,0,0,0,0,0,0,0,0,0,0,0,0,0,0,0,0,0,0,0,0,0,0,0,0,0,0,0,0,0,0,0,0,0,0,0,0,0,0,0,0,0,0,0,0,0,0,0,0,0,0,0,0,0,0,0,0,0,0,0,0,0,0,0,0,0,0,0,0,0,0,0,0,0,0,0,0,0,0,0,0,0,0
26,12,22,26,26,22,26,4,26,22,26,12,5,37,42,4,22,38,5,4,22,38,5,26,13,22,26,26,22,26,26,4,22,26,13,5,26,22,26,26,4,22,38,5,37,38,0,25,57,63,61,65,66,70,71,53,71,0,0,0,0,0,0,0,0,0,0,0,0,0,0,0,0,0,0,0,0,0,0,0,0,0,0,0,0,0,0,0,0,0,0,0,0,0,0,0,0,0,0,0,0,0,0,0,0,0,0,0,0,0,0,0,0,0,0,0,0,0,0,0,0,0,0,0,0,0,0,0,0,0,0,0,0,0,0,0,0,0,0,0,0,0,0,0,0,0,0,0,0,0,0,0,0,0,0,0,0,0,0,0,0
26,12,22,26,26,13,22,37,26,22,26,37,22,26,13,26,22,26,12,26,22,26,14,26,4,22,38,5,37,26,4,22,38,5,42,14,0,24,42,17,11,16,13,15,11,0,0,0,0,0,0,0,0,0,0,0,0,0,0,0,0,0,0,0,0,0,0,0,0,0,0,0,0,0,0,0,0,0,0,0,0,0,0,0,0,0,0,0,0,0,0,0,0,0,0,0,0,0,0,0,0,0,0,0,0,0,0,0,0,0,0,0,0,0,0,0,0,0,0,0,0,0,0,0,0,0,0,0,0,0,0,0,0,0,0,0,0,0,0,0,0,0,0,0,0,0,0,0,0,0,0,0,0,0,0,0,0,0,0,0,0
26,26,12,22,26,37,22,26,4,26,4,22,37,12,5,38,26,5,37,42,4,22,38,5,4,22,38,5,26,13,22,26,4,37,22,26,26,22,26,13,5,26,14,22,26,26,22,26,4,26,22,26,14,5,26,15,22,37,37,22,26,38,15,0,49,61,54,66,71,57,65,71,53,65,0,0,0,0,0,0,0,0,0,0,0,0,0,0,0,0,0,0,0,0,0,0,0,0,0,0,0,0,0,0,0,0,0,0,0,0,0,0,0,0,0,0,0,0,0,0,0,0,0,0,0,0,0,0,0,0,0,0,0,0,0,0,0,0,0,0,0,0,0,0,0,0,0,0,0,0,0,0,0,0,0,0,0,0,0,0,0
26,12,26,38,26,26,37,12,26,13,22,37,26,4,22,37,26,14,22,26,13,38,26,15,22,26,14,26,22,26,26,22,37,15,5,26,16,22,26,26,4,22,26,26,22,26,16,5,38,0,39,32,8,12,11,14,0,0,0,0,0,0,0,0,0,0,0,0,0,0,0,0,0,0,0,0,0,0,0,0,0,0,0,0,0,0,0,0,0,0,0,0,0,0,0,0,0,0,0,0,0,0,0,0,0,0,0,0,0,0,0,0,0,0,0,0,0,0,0,0,0,0,0,0,0,0,0,0,0,0,0,0,0,0,0,0,0,0,0,0,0,0,0,0,0,0,0,0,0,0,0,0,0,0,0,0,0,0,0,0,0
26,26,12,22,26,4,26,4,26,26,4,22,38,5,37,12,5,26,13,22,26,26,22,26,4,26,22,26,13,5,26,4,29,5,4,29,5,29,5,26,4,22,38,5,37,26,14,22,26,4,26,22,26,15,26,4,22,26,14,5,26,22,37,37,15,5,29,0,30,42,34,15,13,20,13,19,17,24,0,0,0,0,0,0,0,0,0,0,0,0,0,0,0,0,0,0,0,0,0,0,0,0,0,0,0,0,0,0,0,0,0,0,0,0,0,0,0,0,0,0,0,0,0,0,0,0,0,0,0,0,0,0,0,0,0,0,0,0,0,0,0,0,0,0,0,0,0,0,0,0,0,0,0,0,0,0,0,0,0,0,0
26,26,12,26,26,26,13,26,26,4,26,4,22,26,26,22,26,26,22,26,26,4,26,26,4,26,4,22,38,5,26,4,26,4,26,4,22,26,26,4,26,4,22,38,5,26,26,4,38,26,4,22,38,5,26,14,26,26,26,26,37,14,26,4,22,38,5,26,4,22,38,5,26,12,4,38,13,5,38,5,26,4,26,5,26,26,15,26,26,26,4,26,4,26,15,5,38,26,5,38,26,4,22,38,5,26,4,26,5,4,26,38,5,26,38,5,26,5,26,5,38,5,38,26,5,26,5,26,5,26,5,38,26,0,43,57,64,70,61,69,66,63,61,64,72,70,0,0,0,0,0,0,0,0,0,0,0,0,0,0,0
26,12,26,38,26,26,37,12,26,13,22,26,26,4,22,38,5,26,14,22,26,4,38,13,5,26,4,22,26,26,22,26,14,5,26,15,22,26,26,22,26,26,16,22,26,15,42,26,17,22,26,26,22,26,26,22,26,16,17,0,37,44,18,15,15,12,0,0,0,0,0,0,0,0,0,0,0,0,0,0,0,0,0,0,0,0,0,0,0,0,0,0,0,0,0,0,0,0,0,0,0,0,0,0,0,0,0,0,0,0,0,0,0,0,0,0,0,0,0,0,0,0,0,0,0,0,0,0,0,0,0,0,0,0,0,0,0,0,0,0,0,0,0,0,0,0,0,0,0,0,0,0,0,0,0,0,0,0,0,0,0
26,26,12,22,26,26,4,22,26,4,37,12,5,26,22,26,13,26,4,22,26,26,4,22,26,14,26,22,26,15,26,22,26,26,22,26,26,15,22,37,14,5,37,13,5,38,26,5,26,9,26,42,4,22,38,5,4,22,38,5,38,0,38,54,53,71,66,55,63,53,74,1,36,57,70,75,63,53,71,57,0,0,0,0,0,0,0,0,0,0,0,0,0,0,0,0,0,0,0,0,0,0,0,0,0,0,0,0,0,0,0,0,0,0,0,0,0,0,0,0,0,0,0,0,0,0,0,0,0,0,0,0,0,0,0,0,0,0,0,0,0,0,0,0,0,0,0,0,0,0,0,0,0,0,0,0,0,0,0,0,0
26,37,12,26,26,13,22,26,4,26,22,26,26,4,22,26,13,5,37,42,4,22,38,5,4,22,38,5,26,14,22,26,26,22,26,26,22,26,14,38,26,5,37,26,12,22,38,0,39,29,32,8,12,0,0,0,0,0,0,0,0,0,0,0,0,0,0,0,0,0,0,0,0,0,0,0,0,0,0,0,0,0,0,0,0,0,0,0,0,0,0,0,0,0,0,0,0,0,0,0,0,0,0,0,0,0,0,0,0,0,0,0,0,0,0,0,0,0,0,0,0,0,0,0,0,0,0,0,0,0,0,0,0,0,0,0,0,0,0,0,0,0,0,0,0,0,0,0,0,0,0,0,0,0,0,0,0,0,0,0,0
26,26,12,22,26,4,26,22,26,4,26,22,26,12,5,26,4,22,38,5,37,26,13,22,26,26,4,22,26,4,26,22,26,13,5,26,37,14,26,26,37,4,26,26,14,5,26,5,26,4,29,5,4,29,5,29,5,26,2,26,26,15,22,26,37,22,26,16,37,15,37,22,26,26,22,26,16,0,39,66,65,53,71,61,65,61,54,0,0,0,0,0,0,0,0,0,0,0,0,0,0,0,0,0,0,0,0,0,0,0,0,0,0,0,0,0,0,0,0,0,0,0,0,0,0,0,0,0,0,0,0,0,0,0,0,0,0,0,0,0,0,0,0,0,0,0,0,0,0,0,0,0,0,0,0,0,0,0,0,0,0
26,12,26,26,4,26,13,22,26,4,26,12,5,26,14,22,26,4,37,13,5,26,22,26,26,4,22,26,14,5,26,63,5,26,4,22,38,5,37,0,42,57,63,61,70,61,70,71,53,71,0,0,0,0,0,0,0,0,0,0,0,0,0,0,0,0,0,0,0,0,0,0,0,0,0,0,0,0,0,0,0,0,0,0,0,0,0,0,0,0,0,0,0,0,0,0,0,0,0,0,0,0,0,0,0,0,0,0,0,0,0,0,0,0,0,0,0,0,0,0,0,0,0,0,0,0,0,0,0,0,0,0,0,0,0,0,0,0,0,0,0,0,0,0,0,0,0,0,0,0,0,0,0,0,0,0,0,0,0,0,0
26,26,12,22,26,4,26,4,22,26,26,22,26,12,5,26,63,5,37,26,4,22,38,5,26,13,22,26,37,22,26,4,42,13,5,37,26,14,22,37,26,4,22,37,26,4,22,26,14,5,37,15,26,26,37,4,26,26,15,5,26,26,38,5,26,0,27,53,70,53,71,61,65,61,54,0,0,0,0,0,0,0,0,0,0,0,0,0,0,0,0,0,0,0,0,0,0,0,0,0,0,0,0,0,0,0,0,0,0,0,0,0,0,0,0,0,0,0,0,0,0,0,0,0,0,0,0,0,0,0,0,0,0,0,0,0,0,0,0,0,0,0,0,0,0,0,0,0,0,0,0,0,0,0,0,0,0,0,0,0,0
26,37,26,4,22,38,5,26,12,22,26,26,22,26,26,22,26,12,42,26,13,22,26,26,14,22,26,4,26,22,26,13,5,26,4,22,37,37,14,5,26,22,26,26,15,22,26,26,22,26,26,22,37,15,0,24,74,61,71,61,65,61,54,0,0,0,0,0,0,0,0,0,0,0,0,0,0,0,0,0,0,0,0,0,0,0,0,0,0,0,0,0,0,0,0,0,0,0,0,0,0,0,0,0,0,0,0,0,0,0,0,0,0,0,0,0,0,0,0,0,0,0,0,0,0,0,0,0,0,0,0,0,0,0,0,0,0,0,0,0,0,0,0,0,0,0,0,0,0,0,0,0,0,0,0,0,0,0,0,0,0
26,38,26,4,22,38,5,26,4,26,26,42,26,5,37,26,4,22,38,5,26,12,22,26,4,26,22,26,4,26,22,26,12,5,37,26,26,4,26,42,5,37,5,26,13,22,26,26,22,26,26,22,26,13,0,29,43,32,8,13,18,18,0,0,0,0,0,0,0,0,0,0,0,0,0,0,0,0,0,0,0,0,0,0,0,0,0,0,0,0,0,0,0,0,0,0,0,0,0,0,0,0,0,0,0,0,0,0,0,0,0,0,0,0,0,0,0,0,0,0,0,0,0,0,0,0,0,0,0,0,0,0,0,0,0,0,0,0,0,0,0,0,0,0,0,0,0,0,0,0,0,0,0,0,0,0,0,0,0,0,0
26,26,12,22,26,26,22,26,26,4,22,37,12,5,26,13,22,26,4,37,22,26,4,37,13,5,26,4,26,5,4,26,5,26,5,26,14,22,26,26,15,22,37,26,22,26,37,22,26,15,26,22,26,14,0,42,25,16,13,14,14,15,0,0,0,0,0,0,0,0,0,0,0,0,0,0,0,0,0,0,0,0,0,0,0,0,0,0,0,0,0,0,0,0,0,0,0,0,0,0,0,0,0,0,0,0,0,0,0,0,0,0,0,0,0,0,0,0,0,0,0,0,0,0,0,0,0,0,0,0,0,0,0,0,0,0,0,0,0,0,0,0,0,0,0,0,0,0,0,0,0,0,0,0,0,0,0,0,0,0,0
26,26,37,12,26,13,22,26,26,4,22,37,26,22,26,13,37,22,26,12,26,14,22,37,38,37,22,26,14,37,5,38,26,15,22,26,26,22,26,26,4,22,26,15,5,37,26,4,22,38,5,26,16,22,26,26,22,26,4,26,22,26,16,5,38,26,26,37,17,26,26,38,26,26,17,0,30,42,34,13,17,20,20,17,13,24,0,0,0,0,0,0,0,0,0,0,0,0,0,0,0,0,0,0,0,0,0,0,0,0,0,0,0,0,0,0,0,0,0,0,0,0,0,0,0,0,0,0,0,0,0,0,0,0,0,0,0,0,0,0,0,0,0,0,0,0,0,0,0,0,0,0,0,0,0,0,0,0,0,0,0
26,26,12,22,26,13,26,4,22,26,4,37,4,26,12,22,38,5,26,5,37,26,14,22,26,4,26,22,26,4,26,22,26,14,5,32,5,29,5,26,4,22,38,5,37,4,26,4,22,38,5,37,13,26,15,22,26,26,4,22,26,26,22,26,15,5,37,26,4,22,38,5,26,5,26,16,26,26,16,0,43,69,53,64,57,71,61,65,61,54,0,0,0,0,0,0,0,0,0,0,0,0,0,0,0,0,0,0,0,0,0,0,0,0,0,0,0,0,0,0,0,0,0,0,0,0,0,0,0,0,0,0,0,0,0,0,0,0,0,0,0,0,0,0,0,0,0,0,0,0,0,0,0,0,0,0,0,0,0,0,0
26,26,4,26,5,26,4,26,12,22,26,26,22,26,26,22,26,12,5,26,4,22,38,5,37,26,13,22,26,26,22,26,4,26,22,26,13,5,26,4,22,38,5,37,38,0,24,41,8,15,13,0,0,0,0,0,0,0,0,0,0,0,0,0,0,0,0,0,0,0,0,0,0,0,0,0,0,0,0,0,0,0,0,0,0,0,0,0,0,0,0,0,0,0,0,0,0,0,0,0,0,0,0,0,0,0,0,0,0,0,0,0,0,0,0,0,0,0,0,0,0,0,0,0,0,0,0,0,0,0,0,0,0,0,0,0,0,0,0,0,0,0,0,0,0,0,0,0,0,0,0,0,0,0,0,0,0,0,0,0,0
26,12,26,26,12,26,38,37,26,4,22,38,5,26,13,22,26,4,26,4,22,26,4,26,22,26,13,5,29,5,29,5,37,26,14,22,26,4,26,22,26,4,26,22,26,14,5,32,5,26,63,0,26,32,8,12,11,15,11,0,0,0,0,0,0,0,0,0,0,0,0,0,0,0,0,0,0,0,0,0,0,0,0,0,0,0,0,0,0,0,0,0,0,0,0,0,0,0,0,0,0,0,0,0,0,0,0,0,0,0,0,0,0,0,0,0,0,0,0,0,0,0,0,0,0,0,0,0,0,0,0,0,0,0,0,0,0,0,0,0,0,0,0,0,0,0,0,0,0,0,0,0,0,0,0,0,0,0,0,0,0
26,26,12,22,26,4,26,22,26,4,26,22,26,12,5,37,26,4,22,38,5,26,13,22,26,26,22,26,4,26,22,26,13,5,26,37,14,26,26,37,4,26,26,14,5,26,5,37,26,15,22,37,26,4,22,26,42,15,5,26,16,22,26,37,22,26,26,22,26,16,0,36,53,70,61,71,61,65,61,54,0,0,0,0,0,0,0,0,0,0,0,0,0,0,0,0,0,0,0,0,0,0,0,0,0,0,0,0,0,0,0,0,0,0,0,0,0,0,0,0,0,0,0,0,0,0,0,0,0,0,0,0,0,0,0,0,0,0,0,0,0,0,0,0,0,0,0,0,0,0,0,0,0,0,0,0,0,0,0,0,0
26,26,12,22,26,37,22,26,4,37,22,26,12,37,26,13,22,26,26,4,22,26,26,22,26,13,5,42,4,22,38,5,4,22,38,5,37,26,4,26,5,4,26,5,26,5,37,26,14,22,26,26,22,26,4,26,22,26,14,5,38,26,26,37,15,26,26,26,26,15,0,29,57,56,69,53,71,61,65,61,54,0,0,0,0,0,0,0,0,0,0,0,0,0,0,0,0,0,0,0,0,0,0,0,0,0,0,0,0,0,0,0,0,0,0,0,0,0,0,0,0,0,0,0,0,0,0,0,0,0,0,0,0,0,0,0,0,0,0,0,0,0,0,0,0,0,0,0,0,0,0,0,0,0,0,0,0,0,0,0,0
26,26,12,26,26,4,26,4,26,4,26,22,26,4,26,4,26,4,26,22,26,26,22,26,4,26,4,22,38,5,37,26,13,22,26,26,4,22,38,5,26,4,22,26,4,26,12,5,26,13,22,38,5,37,26,26,22,26,5,26,5,38,26,5,38,26,4,22,38,5,37,5,26,5,26,5,38,5,38,26,0,43,53,65,57,70,67,61,64,75,55,61,65,0,0,0,0,0,0,0,0,0,0,0,0,0,0,0,0,0,0,0,0,0,0,0,0,0,0,0,0,0,0,0,0,0,0,0,0,0,0,0,0,0,0,0,0,0,0,0,0,0,0,0,0,0,0,0,0,0,0,0,0,0,0,0,0,0,0,0,0
26,38,26,12,22,26,26,4,22,26,4,26,4,22,26,12,37,42,4,22,38,5,4,22,38,5,26,13,4,26,26,13,5,26,26,4,26,38,5,38,5,37,26,14,22,26,4,26,22,26,4,26,22,26,14,5,32,5,29,5,29,5,29,0,41,57,58,53,64,57,71,61,65,61,54,0,0,0,0,0,0,0,0,0,0,0,0,0,0,0,0,0,0,0,0,0,0,0,0,0,0,0,0,0,0,0,0,0,0,0,0,0,0,0,0,0,0,0,0,0,0,0,0,0,0,0,0,0,0,0,0,0,0,0,0,0,0,0,0,0,0,0,0,0,0,0,0,0,0,0,0,0,0,0,0,0,0,0,0,0,0
26,26,26,4,22,38,5,37,4,26,5,26,12,22,26,26,22,26,4,26,22,26,12,5,37,26,13,22,37,26,14,22,26,4,26,4,22,37,13,5,37,26,15,26,26,26,37,4,26,15,5,26,4,22,38,5,26,22,26,5,37,26,22,37,14,0,46,49,8,12,8,19,15,0,0,0,0,0,0,0,0,0,0,0,0,0,0,0,0,0,0,0,0,0,0,0,0,0,0,0,0,0,0,0,0,0,0,0,0,0,0,0,0,0,0,0,0,0,0,0,0,0,0,0,0,0,0,0,0,0,0,0,0,0,0,0,0,0,0,0,0,0,0,0,0,0,0,0,0,0,0,0,0,0,0,0,0,0,0,0,0
26,37,12,26,22,37,26,22,26,12,26,4,26,13,22,26,26,22,26,4,26,22,26,13,5,26,63,5,4,26,14,22,26,26,15,22,26,4,26,22,26,14,5,37,4,26,4,22,38,5,26,22,26,15,26,16,22,26,26,4,22,26,26,22,26,16,5,26,63,5,26,5,37,0,43,61,67,61,58,53,69,65,61,54,0,0,0,0,0,0,0,0,0,0,0,0,0,0,0,0,0,0,0,0,0,0,0,0,0,0,0,0,0,0,0,0,0,0,0,0,0,0,0,0,0,0,0,0,0,0,0,0,0,0,0,0,0,0,0,0,0,0,0,0,0,0,0,0,0,0,0,0,0,0,0,0,0,0,0,0,0
26,26,12,4,26,37,26,13,22,26,12,26,22,26,26,4,22,26,13,5,37,26,4,22,38,5,26,14,22,26,4,37,22,26,26,22,26,14,5,37,26,26,15,22,26,26,22,37,26,22,26,15,5,26,0,36,66,71,57,70,53,65,61,54,0,0,0,0,0,0,0,0,0,0,0,0,0,0,0,0,0,0,0,0,0,0,0,0,0,0,0,0,0,0,0,0,0,0,0,0,0,0,0,0,0,0,0,0,0,0,0,0,0,0,0,0,0,0,0,0,0,0,0,0,0,0,0,0,0,0,0,0,0,0,0,0,0,0,0,0,0,0,0,0,0,0,0,0,0,0,0,0,0,0,0,0,0,0,0,0,0
26,12,22,26,26,22,26,4,26,22,26,12,5,26,13,22,37,37,14,26,22,26,26,22,26,26,14,22,26,13,26,15,22,26,26,16,22,26,4,37,37,22,26,16,37,22,37,15,5,37,0,29,41,8,12,19,11,13,11,15,0,0,0,0,0,0,0,0,0,0,0,0,0,0,0,0,0,0,0,0,0,0,0,0,0,0,0,0,0,0,0,0,0,0,0,0,0,0,0,0,0,0,0,0,0,0,0,0,0,0,0,0,0,0,0,0,0,0,0,0,0,0,0,0,0,0,0,0,0,0,0,0,0,0,0,0,0,0,0,0,0,0,0,0,0,0,0,0,0,0,0,0,0,0,0,0,0,0,0,0,0
26,26,12,26,26,22,26,26,4,22,38,5,26,4,26,4,26,26,22,26,26,13,22,26,26,4,22,26,26,4,22,26,13,26,4,22,38,5,38,12,5,38,5,38,26,5,38,5,38,0,4,16,49,5,8,18,8,38,74,66,76,57,53,57,65,66,63,0,0,0,0,0,0,0,0,0,0,0,0,0,0,0,0,0,0,0,0,0,0,0,0,0,0,0,0,0,0,0,0,0,0,0,0,0,0,0,0,0,0,0,0,0,0,0,0,0,0,0,0,0,0,0,0,0,0,0,0,0,0,0,0,0,0,0,0,0,0,0,0,0,0,0,0,0,0,0,0,0,0,0,0,0,0,0,0,0,0,0,0,0,0
26,26,4,26,12,22,26,26,22,26,4,26,22,26,12,5,26,4,22,38,5,37,26,13,22,26,14,26,22,26,37,26,14,22,37,26,22,26,13,5,37,9,26,63,0,48,8,14,20,20,19,14,0,0,0,0,0,0,0,0,0,0,0,0,0,0,0,0,0,0,0,0,0,0,0,0,0,0,0,0,0,0,0,0,0,0,0,0,0,0,0,0,0,0,0,0,0,0,0,0,0,0,0,0,0,0,0,0,0,0,0,0,0,0,0,0,0,0,0,0,0,0,0,0,0,0,0,0,0,0,0,0,0,0,0,0,0,0,0,0,0,0,0,0,0,0,0,0,0,0,0,0,0,0,0,0,0,0,0,0,0
26,26,12,22,26,26,13,22,26,4,26,22,26,12,5,37,22,26,4,26,14,22,37,26,22,26,4,37,13,14,5,26,5,37,26,26,37,9,26,63,0,25,36,42,8,14,15,16,16,15,12,0,0,0,0,0,0,0,0,0,0,0,0,0,0,0,0,0,0,0,0,0,0,0,0,0,0,0,0,0,0,0,0,0,0,0,0,0,0,0,0,0,0,0,0,0,0,0,0,0,0,0,0,0,0,0,0,0,0,0,0,0,0,0,0,0,0,0,0,0,0,0,0,0,0,0,0,0,0,0,0,0,0,0,0,0,0,0,0,0,0,0,0,0,0,0,0,0,0,0,0,0,0,0,0,0,0,0,0,0,0
26,37,26,12,22,37,26,4,22,37,26,22,26,12,26,63,5,37,26,13,22,26,4,26,22,26,4,26,22,26,13,5,26,4,22,38,5,37,14,26,26,38,26,26,14,5,38,26,0,31,30,8,16,8,19,19,8,11,12,0,0,0,0,0,0,0,0,0,0,0,0,0,0,0,0,0,0,0,0,0,0,0,0,0,0,0,0,0,0,0,0,0,0,0,0,0,0,0,0,0,0,0,0,0,0,0,0,0,0,0,0,0,0,0,0,0,0,0,0,0,0,0,0,0,0,0,0,0,0,0,0,0,0,0,0,0,0,0,0,0,0,0,0,0,0,0,0,0,0,0,0,0,0,0,0,0,0,0,0,0,0
26,26,12,4,26,4,22,26,5,37,4,26,13,22,26,26,22,26,26,22,26,13,12,5,26,26,26,26,26,26,4,22,38,5,38,5,26,9,25,69,0,26,57,71,72,74,61,64,53,54,0,0,0,0,0,0,0,0,0,0,0,0,0,0,0,0,0,0,0,0,0,0,0,0,0,0,0,0,0,0,0,0,0,0,0,0,0,0,0,0,0,0,0,0,0,0,0,0,0,0,0,0,0,0,0,0,0,0,0,0,0,0,0,0,0,0,0,0,0,0,0,0,0,0,0,0,0,0,0,0,0,0,0,0,0,0,0,0,0,0,0,0,0,0,0,0,0,0,0,0,0,0,0,0,0,0,0,0,0,0,0
26,37,12,26,26,37,4,26,26,12,5,26,26,26,38,26,13,22,26,4,26,22,26,14,26,4,22,26,13,5,37,22,26,26,4,22,26,14,37,26,15,22,26,26,4,22,26,4,26,22,26,15,26,63,5,26,63,5,38,26,5,26,2,37,5,38,26,0,25,66,70,72,71,61,65,61,54,0,0,0,0,0,0,0,0,0,0,0,0,0,0,0,0,0,0,0,0,0,0,0,0,0,0,0,0,0,0,0,0,0,0,0,0,0,0,0,0,0,0,0,0,0,0,0,0,0,0,0,0,0,0,0,0,0,0,0,0,0,0,0,0,0,0,0,0,0,0,0,0,0,0,0,0,0,0,0,0,0,0,0,0
26,26,12,4,26,26,26,37,12,26,13,22,37,37,14,26,22,26,26,22,26,14,26,4,22,37,13,5,37,26,15,22,37,37,26,4,22,26,15,5,26,16,26,26,16,5,26,4,22,38,5,37,26,17,22,26,37,22,26,4,26,22,26,17,5,29,0,25,36,42,8,18,16,15,19,11,18,0,0,0,0,0,0,0,0,0,0,0,0,0,0,0,0,0,0,0,0,0,0,0,0,0,0,0,0,0,0,0,0,0,0,0,0,0,0,0,0,0,0,0,0,0,0,0,0,0,0,0,0,0,0,0,0,0,0,0,0,0,0,0,0,0,0,0,0,0,0,0,0,0,0,0,0,0,0,0,0,0,0,0,0
26,12,22,26,26,4,22,26,26,22,26,12,26,13,22,26,26,4,22,26,4,42,13,5,37,26,4,22,38,5,37,5,26,4,22,38,5,37,5,29,0,43,39,26,24,8,12,0,0,0,0,0,0,0,0,0,0,0,0,0,0,0,0,0,0,0,0,0,0,0,0,0,0,0,0,0,0,0,0,0,0,0,0,0,0,0,0,0,0,0,0,0,0,0,0,0,0,0,0,0,0,0,0,0,0,0,0,0,0,0,0,0,0,0,0,0,0,0,0,0,0,0,0,0,0,0,0,0,0,0,0,0,0,0,0,0,0,0,0,0,0,0,0,0,0,0,0,0,0,0,0,0,0,0,0,0,0,0,0,0,0
26,26,12,13,26,4,26,4,26,26,4,38,12,5,37,14,26,15,22,26,26,22,26,26,22,26,15,26,16,22,26,17,26,4,22,26,18,26,19,22,26,26,22,26,26,22,26,19,37,13,26,18,22,26,16,14,5,26,37,26,17,22,38,5,37,4,26,5,26,4,22,38,5,26,20,22,26,26,22,26,26,22,26,20,5,38,26,0,36,61,56,66,70,71,53,72,69,61,65,0,0,0,0,0,0,0,0,0,0,0,0,0,0,0,0,0,0,0,0,0,0,0,0,0,0,0,0,0,0,0,0,0,0,0,0,0,0,0,0,0,0,0,0,0,0,0,0,0,0,0,0,0,0,0,0,0,0,0,0,0,0
26,12,26,37,4,26,26,26,12,26,26,26,26,37,26,4,22,38,5,26,22,26,26,13,22,26,37,22,26,26,22,26,13,5,26,4,22,38,5,26,14,22,26,26,22,26,26,22,26,14,0,27,53,67,66,69,61,65,53,56,0,0,0,0,0,0,0,0,0,0,0,0,0,0,0,0,0,0,0,0,0,0,0,0,0,0,0,0,0,0,0,0,0,0,0,0,0,0,0,0,0,0,0,0,0,0,0,0,0,0,0,0,0,0,0,0,0,0,0,0,0,0,0,0,0,0,0,0,0,0,0,0,0,0,0,0,0,0,0,0,0,0,0,0,0,0,0,0,0,0,0,0,0,0,0,0,0,0,0,0,0
26,12,26,26,4,22,26,26,13,22,26,26,22,26,42,13,5,26,4,22,38,5,26,12,22,26,26,14,22,26,26,22,26,42,14,0,26,26,43,11,11,18,11,20,14,0,0,0,0,0,0,0,0,0,0,0,0,0,0,0,0,0,0,0,0,0,0,0,0,0,0,0,0,0,0,0,0,0,0,0,0,0,0,0,0,0,0,0,0,0,0,0,0,0,0,0,0,0,0,0,0,0,0,0,0,0,0,0,0,0,0,0,0,0,0,0,0,0,0,0,0,0,0,0,0,0,0,0,0,0,0,0,0,0,0,0,0,0,0,0,0,0,0,0,0,0,0,0,0,0,0,0,0,0,0,0,0,0,0,0,0
26,12,22,26,26,22,26,13,26,4,22,26,12,5,26,22,26,26,14,22,26,13,26,22,26,26,4,22,26,14,5,26,15,22,26,26,4,22,37,37,15,26,16,22,26,26,22,26,4,26,22,26,16,5,37,26,4,22,38,5,26,37,5,26,4,29,5,4,29,5,29,0,38,42,44,8,11,14,11,12,13,0,0,0,0,0,0,0,0,0,0,0,0,0,0,0,0,0,0,0,0,0,0,0,0,0,0,0,0,0,0,0,0,0,0,0,0,0,0,0,0,0,0,0,0,0,0,0,0,0,0,0,0,0,0,0,0,0,0,0,0,0,0,0,0,0,0,0,0,0,0,0,0,0,0,0,0,0,0,0,0
26,26,26,12,22,26,26,4,22,26,4,26,22,26,12,37,13,26,26,26,4,26,26,13,5,37,14,26,26,37,4,26,26,14,5,42,4,22,38,5,4,22,38,5,26,5,38,26,5,37,26,15,22,37,26,22,26,26,4,22,37,15,5,26,16,22,26,4,37,22,26,17,37,16,26,22,26,26,22,26,17,5,26,18,22,26,26,4,22,26,4,26,22,26,18,5,38,26,5,26,4,22,38,5,37,26,19,22,26,4,26,22,26,26,22,26,19,29,5,29,0,30,42,34,12,20,11,15,16,13,20,24,0,0,0,0,0,0,0,0,0,0,0,0,0,0,0,0,0,0,0,0,0,0,0,0,0,0,0,0,0
26,26,12,22,26,4,26,4,22,38,5,37,4,26,13,22,37,26,4,22,37,26,22,26,12,13,5,37,26,14,22,37,26,22,26,4,26,22,26,14,5,37,15,26,26,37,26,26,15,5,26,16,26,26,26,26,16,5,26,4,22,38,5,26,0,39,53,63,54,66,55,61,55,63,61,54,0,0,0,0,0,0,0,0,0,0,0,0,0,0,0,0,0,0,0,0,0,0,0,0,0,0,0,0,0,0,0,0,0,0,0,0,0,0,0,0,0,0,0,0,0,0,0,0,0,0,0,0,0,0,0,0,0,0,0,0,0,0,0,0,0,0,0,0,0,0,0,0,0,0,0,0,0,0,0,0,0,0,0,0,0
26,37,4,26,12,22,26,4,26,22,26,26,22,37,12,5,26,37,26,13,22,37,26,4,22,37,26,22,26,13,26,4,29,5,4,29,5,29,5,37,26,14,22,26,26,15,22,26,4,26,22,26,14,5,37,26,4,22,38,5,26,15,5,42,4,22,38,5,4,22,38,5,26,0,39,29,8,16,17,13,13,18,12,0,0,0,0,0,0,0,0,0,0,0,0,0,0,0,0,0,0,0,0,0,0,0,0,0,0,0,0,0,0,0,0,0,0,0,0,0,0,0,0,0,0,0,0,0,0,0,0,0,0,0,0,0,0,0,0,0,0,0,0,0,0,0,0,0,0,0,0,0,0,0,0,0,0,0,0,0,0
26,26,12,22,26,4,42,26,4,22,37,12,5,37,26,4,22,38,5,26,5,26,13,22,26,26,4,22,26,4,26,22,26,13,5,26,63,5,42,4,22,38,5,4,22,38,5,37,26,26,38,0,39,32,34,8,20,14,0,0,0,0,0,0,0,0,0,0,0,0,0,0,0,0,0,0,0,0,0,0,0,0,0,0,0,0,0,0,0,0,0,0,0,0,0,0,0,0,0,0,0,0,0,0,0,0,0,0,0,0,0,0,0,0,0,0,0,0,0,0,0,0,0,0,0,0,0,0,0,0,0,0,0,0,0,0,0,0,0,0,0,0,0,0,0,0,0,0,0,0,0,0,0,0,0,0,0,0,0,0,0
26,37,12,26,26,26,13,22,26,4,26,12,5,26,14,22,26,26,22,26,26,22,26,14,37,13,26,26,15,22,26,26,22,26,4,26,22,26,15,5,26,4,22,38,5,37,38,0,43,72,54,53,70,71,53,71,61,65,1,24,0,0,0,0,0,0,0,0,0,0,0,0,0,0,0,0,0,0,0,0,0,0,0,0,0,0,0,0,0,0,0,0,0,0,0,0,0,0,0,0,0,0,0,0,0,0,0,0,0,0,0,0,0,0,0,0,0,0,0,0,0,0,0,0,0,0,0,0,0,0,0,0,0,0,0,0,0,0,0,0,0,0,0,0,0,0,0,0,0,0,0,0,0,0,0,0,0,0,0,0,0
26,26,12,22,26,4,26,22,26,4,26,4,22,26,12,5,38,26,5,26,4,22,38,5,37,13,26,26,37,4,26,26,13,5,26,4,22,38,5,26,5,42,26,14,22,26,37,22,26,4,42,14,5,37,26,4,22,38,5,26,15,22,26,26,22,26,4,26,22,26,15,5,26,37,26,4,26,5,26,4,26,5,4,26,5,26,0,25,36,42,8,16,11,20,18,15,15,0,0,0,0,0,0,0,0,0,0,0,0,0,0,0,0,0,0,0,0,0,0,0,0,0,0,0,0,0,0,0,0,0,0,0,0,0,0,0,0,0,0,0,0,0,0,0,0,0,0,0,0,0,0,0,0,0,0,0,0,0,0,0,0
26,26,12,22,26,37,13,26,4,22,38,5,26,22,26,4,37,22,26,13,26,4,22,26,12,5,26,4,26,5,37,26,14,22,26,26,22,26,26,22,26,14,5,37,15,26,26,38,26,26,15,0,43,30,47,13,13,12,0,0,0,0,0,0,0,0,0,0,0,0,0,0,0,0,0,0,0,0,0,0,0,0,0,0,0,0,0,0,0,0,0,0,0,0,0,0,0,0,0,0,0,0,0,0,0,0,0,0,0,0,0,0,0,0,0,0,0,0,0,0,0,0,0,0,0,0,0,0,0,0,0,0,0,0,0,0,0,0,0,0,0,0,0,0,0,0,0,0,0,0,0,0,0,0,0,0,0,0,0,0,0
26,26,12,22,26,4,26,4,22,26,26,22,26,12,5,26,5,38,26,4,22,38,5,37,4,26,13,22,26,4,26,22,26,4,26,22,26,13,5,38,26,5,38,26,5,26,14,22,37,26,4,22,37,26,22,26,14,5,37,26,15,22,26,26,22,26,4,26,22,26,15,5,37,16,26,26,37,4,26,26,16,5,26,0,46,31,8,15,8,11,13,14,0,0,0,0,0,0,0,0,0,0,0,0,0,0,0,0,0,0,0,0,0,0,0,0,0,0,0,0,0,0,0,0,0,0,0,0,0,0,0,0,0,0,0,0,0,0,0,0,0,0,0,0,0,0,0,0,0,0,0,0,0,0,0,0,0,0,0,0,0
26,26,4,26,5,26,26,4,26,22,38,5,37,26,4,22,38,5,26,4,26,26,4,26,5,26,5,37,26,4,22,38,5,26,4,26,26,4,26,5,26,5,37,26,4,22,38,5,38,26,26,12,22,26,26,22,26,26,22,26,12,0,36,30,8,12,14,13,0,0,0,0,0,0,0,0,0,0,0,0,0,0,0,0,0,0,0,0,0,0,0,0,0,0,0,0,0,0,0,0,0,0,0,0,0,0,0,0,0,0,0,0,0,0,0,0,0,0,0,0,0,0,0,0,0,0,0,0,0,0,0,0,0,0,0,0,0,0,0,0,0,0,0,0,0,0,0,0,0,0,0,0,0,0,0,0,0,0,0,0,0
26,26,37,26,4,22,38,5,26,26,12,26,13,22,37,37,22,26,4,37,13,26,14,22,26,4,26,22,26,4,26,22,26,14,5,38,26,5,26,4,22,37,12,5,26,15,22,26,26,22,26,4,26,22,26,15,5,26,63,5,26,0,32,8,25,28,43,8,18,17,13,0,0,0,0,0,0,0,0,0,0,0,0,0,0,0,0,0,0,0,0,0,0,0,0,0,0,0,0,0,0,0,0,0,0,0,0,0,0,0,0,0,0,0,0,0,0,0,0,0,0,0,0,0,0,0,0,0,0,0,0,0,0,0,0,0,0,0,0,0,0,0,0,0,0,0,0,0,0,0,0,0,0,0,0,0,0,0,0,0,0
26,26,12,22,26,26,22,26,4,26,22,26,12,5,37,13,26,4,22,26,26,4,22,37,13,5,26,4,26,5,4,26,5,26,5,37,26,4,22,38,5,37,26,14,22,26,26,22,26,4,26,15,22,26,26,22,26,26,22,26,15,14,5,38,26,26,37,16,26,26,38,26,26,16,0,27,66,69,53,64,53,67,61,64,66,56,0,0,0,0,0,0,0,0,0,0,0,0,0,0,0,0,0,0,0,0,0,0,0,0,0,0,0,0,0,0,0,0,0,0,0,0,0,0,0,0,0,0,0,0,0,0,0,0,0,0,0,0,0,0,0,0,0,0,0,0,0,0,0,0,0,0,0,0,0,0,0,0,0,0,0
26,12,22,26,26,22,26,13,26,4,22,26,12,5,26,22,26,26,4,22,26,13,42,42,26,14,22,26,4,26,22,26,26,15,22,26,26,22,26,26,22,26,15,14,5,38,5,38,0,32,39,24,8,14,0,0,0,0,0,0,0,0,0,0,0,0,0,0,0,0,0,0,0,0,0,0,0,0,0,0,0,0,0,0,0,0,0,0,0,0,0,0,0,0,0,0,0,0,0,0,0,0,0,0,0,0,0,0,0,0,0,0,0,0,0,0,0,0,0,0,0,0,0,0,0,0,0,0,0,0,0,0,0,0,0,0,0,0,0,0,0,0,0,0,0,0,0,0,0,0,0,0,0,0,0,0,0,0,0,0,0
26,12,22,26,26,4,22,26,26,22,26,12,42,4,22,38,5,4,22,38,5,37,4,26,26,13,22,26,4,26,22,26,4,26,22,26,13,5,26,14,22,37,38,26,22,37,14,5,29,5,26,4,26,26,26,4,29,5,4,29,5,29,5,26,4,22,38,5,37,5,26,63,0,24,73,53,59,53,55,57,70,71,53,71,0,0,0,0,0,0,0,0,0,0,0,0,0,0,0,0,0,0,0,0,0,0,0,0,0,0,0,0,0,0,0,0,0,0,0,0,0,0,0,0,0,0,0,0,0,0,0,0,0,0,0,0,0,0,0,0,0,0,0,0,0,0,0,0,0,0,0,0,0,0,0,0,0,0,0,0,0
26,26,4,26,42,4,22,38,5,4,22,38,5,26,12,22,26,26,22,26,4,26,22,26,12,5,29,5,4,26,4,22,38,5,37,26,13,22,26,26,4,22,26,4,26,22,26,13,5,26,2,37,5,26,4,29,5,4,29,5,29,5,38,0,25,61,55,53,63,72,71,53,64,61,56,57,0,0,0,0,0,0,0,0,0,0,0,0,0,0,0,0,0,0,0,0,0,0,0,0,0,0,0,0,0,0,0,0,0,0,0,0,0,0,0,0,0,0,0,0,0,0,0,0,0,0,0,0,0,0,0,0,0,0,0,0,0,0,0,0,0,0,0,0,0,0,0,0,0,0,0,0,0,0,0,0,0,0,0,0,0
26,42,4,22,38,5,4,22,38,5,26,12,22,26,26,4,22,26,4,26,22,26,12,5,26,4,22,38,5,37,26,13,22,26,26,4,22,26,4,26,22,26,13,5,26,63,5,26,14,22,26,26,22,26,26,22,37,14,5,26,63,0,45,61,70,64,66,56,57,59,61,54,0,0,0,0,0,0,0,0,0,0,0,0,0,0,0,0,0,0,0,0,0,0,0,0,0,0,0,0,0,0,0,0,0,0,0,0,0,0,0,0,0,0,0,0,0,0,0,0,0,0,0,0,0,0,0,0,0,0,0,0,0,0,0,0,0,0,0,0,0,0,0,0,0,0,0,0,0,0,0,0,0,0,0,0,0,0,0,0,0
26,26,26,12,22,26,4,26,22,26,13,26,4,22,26,12,5,26,4,22,38,5,26,14,22,26,4,26,13,4,26,5,26,5,37,26,15,22,26,14,26,22,26,26,4,22,26,15,5,26,2,37,5,37,16,26,26,26,4,26,26,16,5,37,17,26,26,38,26,26,17,0,24,63,57,55,71,61,65,61,54,0,0,0,0,0,0,0,0,0,0,0,0,0,0,0,0,0,0,0,0,0,0,0,0,0,0,0,0,0,0,0,0,0,0,0,0,0,0,0,0,0,0,0,0,0,0,0,0,0,0,0,0,0,0,0,0,0,0,0,0,0,0,0,0,0,0,0,0,0,0,0,0,0,0,0,0,0,0,0,0
26,26,26,4,22,26,4,26,12,22,26,26,22,26,26,22,26,12,5,26,13,22,26,26,22,26,4,26,22,26,13,5,38,26,26,37,4,26,5,26,5,26,14,22,26,26,22,26,26,22,26,14,0,43,53,64,66,74,61,58,57,65,0,0,0,0,0,0,0,0,0,0,0,0,0,0,0,0,0,0,0,0,0,0,0,0,0,0,0,0,0,0,0,0,0,0,0,0,0,0,0,0,0,0,0,0,0,0,0,0,0,0,0,0,0,0,0,0,0,0,0,0,0,0,0,0,0,0,0,0,0,0,0,0,0,0,0,0,0,0,0,0,0,0,0,0,0,0,0,0,0,0,0,0,0,0,0,0,0,0,0
26,26,26,12,22,37,26,4,22,26,4,42,12,5,26,13,22,26,26,4,22,37,26,22,26,13,5,37,26,4,22,38,5,26,14,22,26,26,22,26,26,22,26,14,5,26,15,22,26,26,4,22,26,26,22,26,15,5,26,0,43,24,34,8,18,12,16,0,0,0,0,0,0,0,0,0,0,0,0,0,0,0,0,0,0,0,0,0,0,0,0,0,0,0,0,0,0,0,0,0,0,0,0,0,0,0,0,0,0,0,0,0,0,0,0,0,0,0,0,0,0,0,0,0,0,0,0,0,0,0,0,0,0,0,0,0,0,0,0,0,0,0,0,0,0,0,0,0,0,0,0,0,0,0,0,0,0,0,0,0,0
26,26,26,4,26,5,26,4,26,4,22,38,5,37,26,26,4,22,38,5,37,26,4,26,26,12,22,26,37,26,13,22,26,26,22,26,26,22,26,13,12,5,26,4,22,38,5,38,5,37,26,4,22,38,5,26,4,26,26,26,4,22,38,5,37,5,37,26,4,22,38,5,26,4,26,26,26,4,22,38,5,38,5,37,26,4,22,38,5,26,4,26,26,26,4,22,38,5,37,5,37,26,4,22,38,5,26,4,26,26,4,26,5,26,5,37,26,4,22,38,5,26,4,26,4,26,5,38,5,37,26,4,22,38,5,26,4,26,38,5,37,26,4,22,38,5,26,4,26,4,26,5,38,5,37,0,43,46,1,14,18
26,38,26,12,22,26,26,22,26,4,26,22,26,12,5,26,38,26,13,22,26,4,26,22,26,4,26,22,26,13,5,26,26,14,22,26,37,22,26,4,37,22,26,14,37,5,37,5,38,26,0,30,46,8,13,16,19,11,0,0,0,0,0,0,0,0,0,0,0,0,0,0,0,0,0,0,0,0,0,0,0,0,0,0,0,0,0,0,0,0,0,0,0,0,0,0,0,0,0,0,0,0,0,0,0,0,0,0,0,0,0,0,0,0,0,0,0,0,0,0,0,0,0,0,0,0,0,0,0,0,0,0,0,0,0,0,0,0,0,0,0,0,0,0,0,0,0,0,0,0,0,0,0,0,0,0,0,0,0,0,0
26,26,12,22,26,37,22,26,4,37,22,26,12,26,13,22,26,37,26,4,22,26,13,5,26,4,22,38,5,37,26,4,26,38,5,26,14,22,26,26,4,22,26,26,22,26,14,5,26,63,5,37,26,15,22,26,4,26,22,26,4,26,22,26,15,5,29,5,26,63,0,45,47,8,12,12,57,0,0,0,0,0,0,0,0,0,0,0,0,0,0,0,0,0,0,0,0,0,0,0,0,0,0,0,0,0,0,0,0,0,0,0,0,0,0,0,0,0,0,0,0,0,0,0,0,0,0,0,0,0,0,0,0,0,0,0,0,0,0,0,0,0,0,0,0,0,0,0,0,0,0,0,0,0,0,0,0,0,0,0,0
26,26,37,26,12,22,37,26,4,22,37,26,4,22,26,12,5,37,26,13,26,26,26,4,26,26,13,5,38,5,37,26,14,22,26,26,15,22,26,4,26,22,26,14,5,37,4,26,22,26,15,5,26,26,16,22,26,26,22,26,26,22,26,16,0,26,30,39,8,11,19,13,20,20,17,0,0,0,0,0,0,0,0,0,0,0,0,0,0,0,0,0,0,0,0,0,0,0,0,0,0,0,0,0,0,0,0,0,0,0,0,0,0,0,0,0,0,0,0,0,0,0,0,0,0,0,0,0,0,0,0,0,0,0,0,0,0,0,0,0,0,0,0,0,0,0,0,0,0,0,0,0,0,0,0,0,0,0,0,0,0
26,12,26,26,37,4,26,12,5,26,4,22,38,5,37,26,13,22,26,26,22,26,26,4,22,26,13,5,37,26,14,22,37,26,22,26,4,26,4,22,37,14,5,37,26,26,26,15,22,26,37,22,26,37,15,5,25,69,0,25,47,8,20,12,13,0,0,0,0,0,0,0,0,0,0,0,0,0,0,0,0,0,0,0,0,0,0,0,0,0,0,0,0,0,0,0,0,0,0,0,0,0,0,0,0,0,0,0,0,0,0,0,0,0,0,0,0,0,0,0,0,0,0,0,0,0,0,0,0,0,0,0,0,0,0,0,0,0,0,0,0,0,0,0,0,0,0,0,0,0,0,0,0,0,0,0,0,0,0,0,0
26,26,26,12,4,26,13,22,26,4,26,38,26,12,22,38,5,26,4,22,38,5,37,14,26,26,15,22,26,26,16,22,26,26,22,26,26,22,26,16,37,22,26,15,26,14,22,26,13,5,38,0,26,53,64,67,71,66,71,60,57,55,61,65,0,0,0,0,0,0,0,0,0,0,0,0,0,0,0,0,0,0,0,0,0,0,0,0,0,0,0,0,0,0,0,0,0,0,0,0,0,0,0,0,0,0,0,0,0,0,0,0,0,0,0,0,0,0,0,0,0,0,0,0,0,0,0,0,0,0,0,0,0,0,0,0,0,0,0,0,0,0,0,0,0,0,0,0,0,0,0,0,0,0,0,0,0,0,0,0,0
26,26,37,12,26,22,26,4,26,4,22,37,12,5,26,13,22,26,26,22,26,4,26,22,26,13,5,37,26,4,22,38,5,37,4,26,5,26,5,26,14,22,26,15,26,22,26,4,37,26,15,22,37,26,22,26,14,5,26,16,22,26,26,4,22,26,26,22,26,16,5,26,37,4,26,5,26,0,30,42,34,12,11,18,11,20,12,17,0,0,0,0,0,0,0,0,0,0,0,0,0,0,0,0,0,0,0,0,0,0,0,0,0,0,0,0,0,0,0,0,0,0,0,0,0,0,0,0,0,0,0,0,0,0,0,0,0,0,0,0,0,0,0,0,0,0,0,0,0,0,0,0,0,0,0,0,0,0,0,0,0
26,26,12,13,26,4,26,26,4,38,12,5,37,14,26,15,22,26,26,22,26,26,22,26,15,26,16,22,26,17,26,4,22,26,18,26,19,22,26,26,22,26,26,22,26,19,37,13,26,18,22,26,16,14,5,26,37,26,17,22,38,5,4,26,38,5,38,0,35,57,70,71,53,72,69,61,71,61,65,61,54,0,0,0,0,0,0,0,0,0,0,0,0,0,0,0,0,0,0,0,0,0,0,0,0,0,0,0,0,0,0,0,0,0,0,0,0,0,0,0,0,0,0,0,0,0,0,0,0,0,0,0,0,0,0,0,0,0,0,0,0,0,0,0,0,0,0,0,0,0,0,0,0,0,0,0,0,0,0,0,0
26,26,12,22,26,37,13,26,4,22,38,5,26,22,26,4,37,22,26,13,26,4,22,26,12,5,26,4,26,5,37,26,14,22,26,26,22,26,26,22,26,14,26,4,22,38,5,38,5,37,15,26,26,38,26,26,15,0,24,49,27,17,15,19,13,0,0,0,0,0,0,0,0,0,0,0,0,0,0,0,0,0,0,0,0,0,0,0,0,0,0,0,0,0,0,0,0,0,0,0,0,0,0,0,0,0,0,0,0,0,0,0,0,0,0,0,0,0,0,0,0,0,0,0,0,0,0,0,0,0,0,0,0,0,0,0,0,0,0,0,0,0,0,0,0,0,0,0,0,0,0,0,0,0,0,0,0,0,0,0,0
26,26,12,22,26,4,26,22,26,4,26,22,26,12,5,37,13,26,4,22,38,5,26,22,26,26,14,22,26,37,22,26,15,26,22,26,26,4,22,26,26,15,22,26,14,13,5,26,16,22,26,26,22,26,4,26,22,26,16,5,37,42,4,22,38,5,4,22,38,5,26,5,37,26,4,22,38,5,26,22,26,0,40,35,8,47,32,32,8,17,12,0,0,0,0,0,0,0,0,0,0,0,0,0,0,0,0,0,0,0,0,0,0,0,0,0,0,0,0,0,0,0,0,0,0,0,0,0,0,0,0,0,0,0,0,0,0,0,0,0,0,0,0,0,0,0,0,0,0,0,0,0,0,0,0,0,0,0,0,0,0
26,26,26,4,26,12,22,37,26,13,22,26,4,26,4,22,26,26,22,26,13,5,29,5,26,4,22,38,5,37,12,26,14,22,26,26,22,26,26,22,26,14,5,37,26,15,22,37,26,22,37,26,16,22,26,15,37,26,22,37,16,0,32,56,57,63,53,63,61,70,61,54,0,0,0,0,0,0,0,0,0,0,0,0,0,0,0,0,0,0,0,0,0,0,0,0,0,0,0,0,0,0,0,0,0,0,0,0,0,0,0,0,0,0,0,0,0,0,0,0,0,0,0,0,0,0,0,0,0,0,0,0,0,0,0,0,0,0,0,0,0,0,0,0,0,0,0,0,0,0,0,0,0,0,0,0,0,0,0,0,0
26,26,37,12,26,13,22,26,4,26,4,22,37,26,22,26,13,38,26,26,14,26,26,26,37,26,14,5,26,2,26,26,4,26,5,4,26,5,38,5,37,22,26,12,26,15,22,37,38,37,22,26,15,37,0,30,42,34,17,20,11,17,20,14,0,0,0,0,0,0,0,0,0,0,0,0,0,0,0,0,0,0,0,0,0,0,0,0,0,0,0,0,0,0,0,0,0,0,0,0,0,0,0,0,0,0,0,0,0,0,0,0,0,0,0,0,0,0,0,0,0,0,0,0,0,0,0,0,0,0,0,0,0,0,0,0,0,0,0,0,0,0,0,0,0,0,0,0,0,0,0,0,0,0,0,0,0,0,0,0,0
26,12,22,26,26,22,26,13,26,4,22,26,12,5,26,4,22,26,37,13,5,26,26,37,4,26,26,38,5,26,26,14,22,26,26,22,26,4,26,22,26,14,5,26,22,26,26,4,22,38,5,37,38,0,27,53,55,61,65,66,70,71,53,71,0,0,0,0,0,0,0,0,0,0,0,0,0,0,0,0,0,0,0,0,0,0,0,0,0,0,0,0,0,0,0,0,0,0,0,0,0,0,0,0,0,0,0,0,0,0,0,0,0,0,0,0,0,0,0,0,0,0,0,0,0,0,0,0,0,0,0,0,0,0,0,0,0,0,0,0,0,0,0,0,0,0,0,0,0,0,0,0,0,0,0,0,0,0,0,0,0
26,26,4,26,5,42,4,22,38,5,4,22,38,5,26,12,22,26,26,22,26,26,22,26,12,37,26,13,22,37,26,4,22,37,26,22,26,13,26,63,5,37,26,14,22,26,4,26,22,26,4,26,22,26,14,5,37,15,26,26,26,4,26,26,15,5,37,16,26,26,37,4,26,26,16,5,26,5,38,26,0,37,45,39,8,43,24,28,17,19,15,0,0,0,0,0,0,0,0,0,0,0,0,0,0,0,0,0,0,0,0,0,0,0,0,0,0,0,0,0,0,0,0,0,0,0,0,0,0,0,0,0,0,0,0,0,0,0,0,0,0,0,0,0,0,0,0,0,0,0,0,0,0,0,0,0,0,0,0,0,0
26,26,12,22,26,26,4,22,37,37,12,5,37,26,13,22,37,26,4,22,37,26,4,22,26,13,5,37,14,26,26,37,4,26,26,14,5,26,5,42,26,15,22,26,26,22,26,4,26,22,26,15,5,37,26,4,22,38,5,26,16,26,26,16,0,43,66,76,53,70,57,69,71,61,54,0,0,0,0,0,0,0,0,0,0,0,0,0,0,0,0,0,0,0,0,0,0,0,0,0,0,0,0,0,0,0,0,0,0,0,0,0,0,0,0,0,0,0,0,0,0,0,0,0,0,0,0,0,0,0,0,0,0,0,0,0,0,0,0,0,0,0,0,0,0,0,0,0,0,0,0,0,0,0,0,0,0,0,0,0,0
26,26,12,22,26,4,26,22,26,4,26,22,26,12,5,26,4,22,38,5,37,26,13,22,26,26,22,26,26,4,22,26,13,5,26,4,29,5,4,29,5,29,5,37,26,14,22,37,26,4,22,37,26,15,22,26,14,26,22,37,37,15,26,5,26,16,22,26,37,22,26,26,22,26,16,0,37,45,39,8,25,31,30,18,12,13,0,0,0,0,0,0,0,0,0,0,0,0,0,0,0,0,0,0,0,0,0,0,0,0,0,0,0,0,0,0,0,0,0,0,0,0,0,0,0,0,0,0,0,0,0,0,0,0,0,0,0,0,0,0,0,0,0,0,0,0,0,0,0,0,0,0,0,0,0,0,0,0,0,0,0
26,26,12,22,37,26,22,26,4,26,22,26,12,5,38,26,13,22,26,4,26,22,26,4,26,22,26,13,5,37,26,14,22,37,26,22,37,26,15,22,26,14,26,22,26,4,26,22,26,15,5,26,22,26,26,37,26,4,22,38,5,26,38,26,5,26,0,26,39,18,13,15,18,12,15,0,0,0,0,0,0,0,0,0,0,0,0,0,0,0,0,0,0,0,0,0,0,0,0,0,0,0,0,0,0,0,0,0,0,0,0,0,0,0,0,0,0,0,0,0,0,0,0,0,0,0,0,0,0,0,0,0,0,0,0,0,0,0,0,0,0,0,0,0,0,0,0,0,0,0,0,0,0,0,0,0,0,0,0,0,0
26,26,12,22,26,4,26,22,26,4,26,22,26,12,5,26,4,22,38,5,37,26,13,22,26,26,4,22,26,26,4,22,26,13,5,26,4,29,5,4,29,5,29,5,37,26,4,22,38,5,26,22,26,5,37,26,4,22,38,5,26,14,22,26,26,22,37,38,14,0,40,35,8,47,32,8,20,13,0,0,0,0,0,0,0,0,0,0,0,0,0,0,0,0,0,0,0,0,0,0,0,0,0,0,0,0,0,0,0,0,0,0,0,0,0,0,0,0,0,0,0,0,0,0,0,0,0,0,0,0,0,0,0,0,0,0,0,0,0,0,0,0,0,0,0,0,0,0,0,0,0,0,0,0,0,0,0,0,0,0,0
26,12,26,26,4,26,12,5,4,26,13,22,26,26,22,26,4,26,22,26,13,5,26,14,22,26,4,26,22,26,15,26,4,22,37,14,5,26,22,26,37,16,26,15,22,37,37,26,16,22,38,5,26,17,22,26,26,22,26,26,22,26,17,5,37,0,36,34,8,13,13,11,17,0,0,0,0,0,0,0,0,0,0,0,0,0,0,0,0,0,0,0,0,0,0,0,0,0,0,0,0,0,0,0,0,0,0,0,0,0,0,0,0,0,0,0,0,0,0,0,0,0,0,0,0,0,0,0,0,0,0,0,0,0,0,0,0,0,0,0,0,0,0,0,0,0,0,0,0,0,0,0,0,0,0,0,0,0,0,0,0
26,37,4,26,5,26,26,12,22,26,26,4,22,26,26,22,26,12,5,37,26,4,22,26,13,26,14,22,26,4,26,22,26,4,26,22,26,14,5,26,4,22,38,5,37,4,26,5,26,5,37,26,13,22,38,5,26,15,22,26,26,22,26,26,22,26,15,0,25,32,47,11,13,12,19,20,0,0,0,0,0,0,0,0,0,0,0,0,0,0,0,0,0,0,0,0,0,0,0,0,0,0,0,0,0,0,0,0,0,0,0,0,0,0,0,0,0,0,0,0,0,0,0,0,0,0,0,0,0,0,0,0,0,0,0,0,0,0,0,0,0,0,0,0,0,0,0,0,0,0,0,0,0,0,0,0,0,0,0,0,0
26,12,22,26,26,4,22,26,4,26,22,26,12,32,5,29,5,37,26,13,22,26,4,26,22,26,26,4,22,26,13,29,5,29,5,26,4,22,38,5,37,38,26,26,4,26,38,5,38,0,39,27,11,14,13,16,20,11,12,0,0,0,0,0,0,0,0,0,0,0,0,0,0,0,0,0,0,0,0,0,0,0,0,0,0,0,0,0,0,0,0,0,0,0,0,0,0,0,0,0,0,0,0,0,0,0,0,0,0,0,0,0,0,0,0,0,0,0,0,0,0,0,0,0,0,0,0,0,0,0,0,0,0,0,0,0,0,0,0,0,0,0,0,0,0,0,0,0,0,0,0,0,0,0,0,0,0,0,0,0,0
26,26,12,22,26,26,4,22,37,38,12,5,37,26,4,22,38,5,37,26,13,22,26,4,26,22,26,4,26,22,26,13,5,38,26,14,22,26,15,26,22,26,4,26,4,22,26,26,15,22,37,26,22,26,14,5,38,26,5,38,26,5,26,63,0,43,61,73,66,76,53,65,61,54,0,0,0,0,0,0,0,0,0,0,0,0,0,0,0,0,0,0,0,0,0,0,0,0,0,0,0,0,0,0,0,0,0,0,0,0,0,0,0,0,0,0,0,0,0,0,0,0,0,0,0,0,0,0,0,0,0,0,0,0,0,0,0,0,0,0,0,0,0,0,0,0,0,0,0,0,0,0,0,0,0,0,0,0,0,0,0
26,26,4,26,5,4,26,5,26,12,22,26,26,4,22,37,38,12,5,37,26,4,22,38,5,37,26,13,22,26,26,22,26,4,26,22,26,13,5,26,14,22,26,37,15,26,16,22,26,4,26,22,26,4,26,22,26,16,5,38,26,26,37,17,26,26,38,26,26,17,5,42,26,15,22,37,14,0,40,72,61,76,53,69,71,61,65,61,54,0,0,0,0,0,0,0,0,0,0,0,0,0,0,0,0,0,0,0,0,0,0,0,0,0,0,0,0,0,0,0,0,0,0,0,0,0,0,0,0,0,0,0,0,0,0,0,0,0,0,0,0,0,0,0,0,0,0,0,0,0,0,0,0,0,0,0,0,0,0,0,0
26,12,22,26,26,4,22,26,4,26,4,22,26,12,5,29,5,37,4,26,13,22,37,26,4,22,26,4,26,22,26,13,5,26,4,22,38,5,37,5,26,14,22,26,4,26,22,26,4,26,22,26,14,5,29,5,29,5,26,4,22,38,5,37,5,29,0,45,47,8,18,11,13,0,0,0,0,0,0,0,0,0,0,0,0,0,0,0,0,0,0,0,0,0,0,0,0,0,0,0,0,0,0,0,0,0,0,0,0,0,0,0,0,0,0,0,0,0,0,0,0,0,0,0,0,0,0,0,0,0,0,0,0,0,0,0,0,0,0,0,0,0,0,0,0,0,0,0,0,0,0,0,0,0,0,0,0,0,0,0,0
26,26,12,22,26,4,26,22,26,4,26,22,26,12,5,37,26,4,22,38,5,26,13,22,26,26,4,22,26,26,22,26,13,5,26,4,26,5,4,26,5,26,2,37,5,37,26,14,22,26,26,15,22,26,4,26,22,26,14,5,37,22,26,37,4,26,15,22,38,5,26,0,24,49,17,13,19,0,0,0,0,0,0,0,0,0,0,0,0,0,0,0,0,0,0,0,0,0,0,0,0,0,0,0,0,0,0,0,0,0,0,0,0,0,0,0,0,0,0,0,0,0,0,0,0,0,0,0,0,0,0,0,0,0,0,0,0,0,0,0,0,0,0,0,0,0,0,0,0,0,0,0,0,0,0,0,0,0,0,0,0
26,38,26,12,22,26,4,26,22,26,13,26,4,22,26,12,5,26,4,22,37,26,22,37,13,5,37,26,14,22,26,26,4,22,26,4,26,4,22,26,14,5,25,69,5,38,5,25,69,5,38,26,0,46,31,32,8,39,20,18,0,0,0,0,0,0,0,0,0,0,0,0,0,0,0,0,0,0,0,0,0,0,0,0,0,0,0,0,0,0,0,0,0,0,0,0,0,0,0,0,0,0,0,0,0,0,0,0,0,0,0,0,0,0,0,0,0,0,0,0,0,0,0,0,0,0,0,0,0,0,0,0,0,0,0,0,0,0,0,0,0,0,0,0,0,0,0,0,0,0,0,0,0,0,0,0,0,0,0,0,0
26,12,26,26,26,4,26,12,5,26,4,26,26,2,37,5,37,13,26,22,26,4,26,22,37,13,5,26,14,22,26,15,26,22,26,37,26,15,22,37,26,22,37,14,0,41,72,74,66,63,61,71,61,65,61,54,0,0,0,0,0,0,0,0,0,0,0,0,0,0,0,0,0,0,0,0,0,0,0,0,0,0,0,0,0,0,0,0,0,0,0,0,0,0,0,0,0,0,0,0,0,0,0,0,0,0,0,0,0,0,0,0,0,0,0,0,0,0,0,0,0,0,0,0,0,0,0,0,0,0,0,0,0,0,0,0,0,0,0,0,0,0,0,0,0,0,0,0,0,0,0,0,0,0,0,0,0,0,0,0,0
26,37,12,26,26,37,4,26,26,12,5,26,13,22,26,26,22,26,4,26,14,22,37,38,50,37,6,52,4,22,26,13,14,5,50,38,8,52,5,50,37,6,52,4,22,38,5,50,38,8,52,0,37,42,26,8,13,11,18,19,20,16,0,0,0,0,0,0,0,0,0,0,0,0,0,0,0,0,0,0,0,0,0,0,0,0,0,0,0,0,0,0,0,0,0,0,0,0,0,0,0,0,0,0,0,0,0,0,0,0,0,0,0,0,0,0,0,0,0,0,0,0,0,0,0,0,0,0,0,0,0,0,0,0,0,0,0,0,0,0,0,0,0,0,0,0,0,0,0,0,0,0,0,0,0,0,0,0,0,0,0
26,26,4,26,5,42,4,22,38,5,4,22,38,5,26,12,22,26,26,22,26,26,22,26,12,37,26,13,22,26,26,4,22,37,26,14,22,26,13,26,22,26,37,14,5,37,26,15,22,37,26,22,26,4,26,22,26,15,5,26,4,22,38,5,37,26,0,31,30,8,16,8,12,12,14,8,11,12,0,0,0,0,0,0,0,0,0,0,0,0,0,0,0,0,0,0,0,0,0,0,0,0,0,0,0,0,0,0,0,0,0,0,0,0,0,0,0,0,0,0,0,0,0,0,0,0,0,0,0,0,0,0,0,0,0,0,0,0,0,0,0,0,0,0,0,0,0,0,0,0,0,0,0,0,0,0,0,0,0,0,0
26,38,26,26,38,26,12,22,26,4,26,22,26,13,26,4,22,26,12,5,26,4,22,37,26,22,37,13,5,37,26,14,22,26,26,22,26,26,4,22,26,14,5,26,2,26,5,38,26,26,38,26,0,28,69,63,66,71,61,65,61,54,0,0,0,0,0,0,0,0,0,0,0,0,0,0,0,0,0,0,0,0,0,0,0,0,0,0,0,0,0,0,0,0,0,0,0,0,0,0,0,0,0,0,0,0,0,0,0,0,0,0,0,0,0,0,0,0,0,0,0,0,0,0,0,0,0,0,0,0,0,0,0,0,0,0,0,0,0,0,0,0,0,0,0,0,0,0,0,0,0,0,0,0,0,0,0,0,0,0,0
26,37,4,26,5,26,26,22,26,26,4,22,38,5,37,26,12,22,26,4,26,22,26,13,26,4,22,26,12,5,26,4,22,37,26,22,37,13,5,37,26,14,22,26,26,4,22,26,4,26,22,26,14,5,29,5,26,63,5,38,26,15,26,26,38,26,15,0,24,58,53,71,61,65,61,54,0,0,0,0,0,0,0,0,0,0,0,0,0,0,0,0,0,0,0,0,0,0,0,0,0,0,0,0,0,0,0,0,0,0,0,0,0,0,0,0,0,0,0,0,0,0,0,0,0,0,0,0,0,0,0,0,0,0,0,0,0,0,0,0,0,0,0,0,0,0,0,0,0,0,0,0,0,0,0,0,0,0,0,0,0
26,12,26,37,4,26,26,37,12,26,13,22,37,26,22,37,26,14,22,26,13,38,26,15,22,26,26,22,26,26,22,26,15,14,5,26,4,22,42,5,37,26,26,16,22,26,26,17,22,26,4,26,22,26,16,5,38,26,38,17,0,24,64,72,73,53,71,61,65,61,54,0,0,0,0,0,0,0,0,0,0,0,0,0,0,0,0,0,0,0,0,0,0,0,0,0,0,0,0,0,0,0,0,0,0,0,0,0,0,0,0,0,0,0,0,0,0,0,0,0,0,0,0,0,0,0,0,0,0,0,0,0,0,0,0,0,0,0,0,0,0,0,0,0,0,0,0,0,0,0,0,0,0,0,0,0,0,0,0,0,0
26,26,4,26,12,22,26,4,26,22,26,26,4,22,26,12,26,63,5,29,5,26,63,5,38,26,13,22,26,4,37,22,26,26,4,22,26,13,5,26,14,22,26,37,4,37,22,26,14,5,26,15,26,26,37,26,26,15,5,37,0,26,69,61,76,66,71,61,65,61,54,0,0,0,0,0,0,0,0,0,0,0,0,0,0,0,0,0,0,0,0,0,0,0,0,0,0,0,0,0,0,0,0,0,0,0,0,0,0,0,0,0,0,0,0,0,0,0,0,0,0,0,0,0,0,0,0,0,0,0,0,0,0,0,0,0,0,0,0,0,0,0,0,0,0,0,0,0,0,0,0,0,0,0,0,0,0,0,0,0,0
26,12,22,26,26,13,22,26,4,26,4,22,38,5,26,4,22,37,37,26,14,22,26,26,15,22,26,4,26,22,26,14,5,26,22,26,4,26,22,26,15,5,42,4,22,38,5,4,22,38,5,38,5,26,22,26,13,42,4,22,38,5,4,22,38,5,38,5,37,22,26,12,0,37,42,26,8,19,18,19,18,18,0,0,0,0,0,0,0,0,0,0,0,0,0,0,0,0,0,0,0,0,0,0,0,0,0,0,0,0,0,0,0,0,0,0,0,0,0,0,0,0,0,0,0,0,0,0,0,0,0,0,0,0,0,0,0,0,0,0,0,0,0,0,0,0,0,0,0,0,0,0,0,0,0,0,0,0,0,0,0
26,12,26,38,26,26,37,12,26,13,22,26,26,4,22,26,26,4,22,26,13,5,26,14,22,37,26,4,22,37,26,22,26,14,5,37,26,15,22,26,26,22,26,4,26,22,26,15,5,37,16,26,22,37,26,4,22,37,16,5,37,17,26,26,38,26,26,17,5,29,0,33,37,34,8,20,35,0,0,0,0,0,0,0,0,0,0,0,0,0,0,0,0,0,0,0,0,0,0,0,0,0,0,0,0,0,0,0,0,0,0,0,0,0,0,0,0,0,0,0,0,0,0,0,0,0,0,0,0,0,0,0,0,0,0,0,0,0,0,0,0,0,0,0,0,0,0,0,0,0,0,0,0,0,0,0,0,0,0,0,0
38,22,26,4,26,12,22,26,26,22,26,4,37,26,4,26,22,26,26,37,4,26,5,26,5,22,38,5,26,22,26,12,5,37,26,13,22,26,26,4,37,26,14,22,37,26,4,26,15,22,26,26,22,26,37,22,26,15,5,22,26,26,22,37,14,5,22,26,26,22,26,13,0,49,30,8,12,11,0,0,0,0,0,0,0,0,0,0,0,0,0,0,0,0,0,0,0,0,0,0,0,0,0,0,0,0,0,0,0,0,0,0,0,0,0,0,0,0,0,0,0,0,0,0,0,0,0,0,0,0,0,0,0,0,0,0,0,0,0,0,0,0,0,0,0,0,0,0,0,0,0,0,0,0,0,0,0,0,0,0,0
26,26,4,26,5,38,26,12,22,26,4,26,22,26,26,4,22,26,12,5,38,26,5,26,13,22,37,26,4,26,4,37,13,26,4,22,38,5,37,14,26,26,37,26,4,22,38,5,26,14,5,26,15,22,26,26,22,26,4,26,22,26,15,5,26,63,5,26,16,22,26,26,22,26,4,26,22,26,16,5,26,63,0,37,72,71,63,61,65,8,14,53,1,4,8,5,0,0,0,0,0,0,0,0,0,0,0,0,0,0,0,0,0,0,0,0,0,0,0,0,0,0,0,0,0,0,0,0,0,0,0,0,0,0,0,0,0,0,0,0,0,0,0,0,0,0,0,0,0,0,0,0,0,0,0,0,0,0,0,0,0
26,38,26,4,22,38,5,26,37,26,4,22,38,5,26,4,22,38,5,38,26,0,27,36,38,30,0,0,0,0,0,0,0,0,0,0,0,0,0,0,0,0,0,0,0,0,0,0,0,0,0,0,0,0,0,0,0,0,0,0,0,0,0,0,0,0,0,0,0,0,0,0,0,0,0,0,0,0,0,0,0,0,0,0,0,0,0,0,0,0,0,0,0,0,0,0,0,0,0,0,0,0,0,0,0,0,0,0,0,0,0,0,0,0,0,0,0,0,0,0,0,0,0,0,0,0,0,0,0,0,0,0,0,0,0,0,0,0,0,0,0,0,0,0,0,0,0,0,0,0,0,0,0,0,0,0,0,0,0,0,0
26,26,37,4,26,26,5,26,26,26,26,37,26,12,22,37,26,13,22,37,26,4,22,26,4,26,22,26,13,26,22,37,12,5,26,14,22,26,26,4,22,26,26,4,22,26,14,5,38,26,5,38,26,5,37,26,4,22,38,5,37,26,4,26,5,4,26,5,26,0,39,27,12,18,14,11,18,15,0,0,0,0,0,0,0,0,0,0,0,0,0,0,0,0,0,0,0,0,0,0,0,0,0,0,0,0,0,0,0,0,0,0,0,0,0,0,0,0,0,0,0,0,0,0,0,0,0,0,0,0,0,0,0,0,0,0,0,0,0,0,0,0,0,0,0,0,0,0,0,0,0,0,0,0,0,0,0,0,0,0,0
26,26,37,12,26,26,26,4,26,26,12,5,37,13,26,22,26,4,37,22,37,13,5,26,37,26,14,22,26,26,4,22,26,15,26,4,22,26,14,5,26,4,22,26,4,26,22,37,15,5,26,2,37,5,37,26,16,22,26,26,4,22,26,4,26,22,26,16,5,29,5,26,63,5,26,63,0,34,32,37,11,11,12,8,13,17,17,0,0,0,0,0,0,0,0,0,0,0,0,0,0,0,0,0,0,0,0,0,0,0,0,0,0,0,0,0,0,0,0,0,0,0,0,0,0,0,0,0,0,0,0,0,0,0,0,0,0,0,0,0,0,0,0,0,0,0,0,0,0,0,0,0,0,0,0,0,0,0,0,0,0
26,26,37,4,26,26,5,26,26,37,26,4,22,38,5,26,12,22,26,4,37,26,4,22,26,12,26,5,26,22,26,13,26,14,22,26,4,26,22,26,26,4,22,26,14,5,29,5,37,26,13,22,38,5,26,0,42,72,65,61,71,61,65,61,54,0,0,0,0,0,0,0,0,0,0,0,0,0,0,0,0,0,0,0,0,0,0,0,0,0,0,0,0,0,0,0,0,0,0,0,0,0,0,0,0,0,0,0,0,0,0,0,0,0,0,0,0,0,0,0,0,0,0,0,0,0,0,0,0,0,0,0,0,0,0,0,0,0,0,0,0,0,0,0,0,0,0,0,0,0,0,0,0,0,0,0,0,0,0,0,0
26,12,26,26,4,22,38,5,37,26,4,22,38,5,26,12,37,13,26,26,14,22,26,4,26,13,22,38,5,26,22,26,26,22,26,14,37,0,35,57,65,53,63,61,56,66,64,61,56,57,0,0,0,0,0,0,0,0,0,0,0,0,0,0,0,0,0,0,0,0,0,0,0,0,0,0,0,0,0,0,0,0,0,0,0,0,0,0,0,0,0,0,0,0,0,0,0,0,0,0,0,0,0,0,0,0,0,0,0,0,0,0,0,0,0,0,0,0,0,0,0,0,0,0,0,0,0,0,0,0,0,0,0,0,0,0,0,0,0,0,0,0,0,0,0,0,0,0,0,0,0,0,0,0,0,0,0,0,0,0,0
